image_path,label
/Users/theodaguier/Developer/Projects/School/COVID_19/data/COVID-19_Radiography_Dataset/Viral Pneumonia/images/Viral Pneumonia-770.png,Viral Pneumonia
/Users/theodaguier/Developer/Projects/School/COVID_19/data/COVID-19_Radiography_Dataset/Viral Pneumonia/images/Viral Pneumonia-1186.png,Viral Pneumonia
/Users/theodaguier/Developer/Projects/School/COVID_19/data/COVID-19_Radiography_Dataset/Viral Pneumonia/images/Viral Pneumonia-1192.png,Viral Pneumonia
/Users/theodaguier/Developer/Projects/School/COVID_19/data/COVID-19_Radiography_Dataset/Viral Pneumonia/images/Viral Pneumonia-764.png,Viral Pneumonia
/Users/theodaguier/Developer/Projects/School/COVID_19/data/COVID-19_Radiography_Dataset/Viral Pneumonia/images/Viral Pneumonia-994.png,Viral Pneumonia
/Users/theodaguier/Developer/Projects/School/COVID_19/data/COVID-19_Radiography_Dataset/Viral Pneumonia/images/Viral Pneumonia-980.png,Viral Pneumonia
/Users/theodaguier/Developer/Projects/School/COVID_19/data/COVID-19_Radiography_Dataset/Viral Pneumonia/images/Viral Pneumonia-758.png,Viral Pneumonia
/Users/theodaguier/Developer/Projects/School/COVID_19/data/COVID-19_Radiography_Dataset/Viral Pneumonia/images/Viral Pneumonia-1145.png,Viral Pneumonia
/Users/theodaguier/Developer/Projects/School/COVID_19/data/COVID-19_Radiography_Dataset/Viral Pneumonia/images/Viral Pneumonia-1151.png,Viral Pneumonia
/Users/theodaguier/Developer/Projects/School/COVID_19/data/COVID-19_Radiography_Dataset/Viral Pneumonia/images/Viral Pneumonia-957.png,Viral Pneumonia
/Users/theodaguier/Developer/Projects/School/COVID_19/data/COVID-19_Radiography_Dataset/Viral Pneumonia/images/Viral Pneumonia-1179.png,Viral Pneumonia
/Users/theodaguier/Developer/Projects/School/COVID_19/data/COVID-19_Radiography_Dataset/Viral Pneumonia/images/Viral Pneumonia-943.png,Viral Pneumonia
/Users/theodaguier/Developer/Projects/School/COVID_19/data/COVID-19_Radiography_Dataset/Viral Pneumonia/images/Viral Pneumonia-214.png,Viral Pneumonia
/Users/theodaguier/Developer/Projects/School/COVID_19/data/COVID-19_Radiography_Dataset/Viral Pneumonia/images/Viral Pneumonia-572.png,Viral Pneumonia
/Users/theodaguier/Developer/Projects/School/COVID_19/data/COVID-19_Radiography_Dataset/Viral Pneumonia/images/Viral Pneumonia-566.png,Viral Pneumonia
/Users/theodaguier/Developer/Projects/School/COVID_19/data/COVID-19_Radiography_Dataset/Viral Pneumonia/images/Viral Pneumonia-200.png,Viral Pneumonia
/Users/theodaguier/Developer/Projects/School/COVID_19/data/COVID-19_Radiography_Dataset/Viral Pneumonia/images/Viral Pneumonia-228.png,Viral Pneumonia
/Users/theodaguier/Developer/Projects/School/COVID_19/data/COVID-19_Radiography_Dataset/Viral Pneumonia/images/Viral Pneumonia-599.png,Viral Pneumonia
/Users/theodaguier/Developer/Projects/School/COVID_19/data/COVID-19_Radiography_Dataset/Viral Pneumonia/images/Viral Pneumonia-360.png,Viral Pneumonia
/Users/theodaguier/Developer/Projects/School/COVID_19/data/COVID-19_Radiography_Dataset/Viral Pneumonia/images/Viral Pneumonia-406.png,Viral Pneumonia
/Users/theodaguier/Developer/Projects/School/COVID_19/data/COVID-19_Radiography_Dataset/Viral Pneumonia/images/Viral Pneumonia-412.png,Viral Pneumonia
/Users/theodaguier/Developer/Projects/School/COVID_19/data/COVID-19_Radiography_Dataset/Viral Pneumonia/images/Viral Pneumonia-374.png,Viral Pneumonia
/Users/theodaguier/Developer/Projects/School/COVID_19/data/COVID-19_Radiography_Dataset/Viral Pneumonia/images/Viral Pneumonia-348.png,Viral Pneumonia
/Users/theodaguier/Developer/Projects/School/COVID_19/data/COVID-19_Radiography_Dataset/Viral Pneumonia/images/Viral Pneumonia-1233.png,Viral Pneumonia
/Users/theodaguier/Developer/Projects/School/COVID_19/data/COVID-19_Radiography_Dataset/Viral Pneumonia/images/Viral Pneumonia-15.png,Viral Pneumonia
/Users/theodaguier/Developer/Projects/School/COVID_19/data/COVID-19_Radiography_Dataset/Viral Pneumonia/images/Viral Pneumonia-1227.png,Viral Pneumonia
/Users/theodaguier/Developer/Projects/School/COVID_19/data/COVID-19_Radiography_Dataset/Viral Pneumonia/images/Viral Pneumonia-29.png,Viral Pneumonia
/Users/theodaguier/Developer/Projects/School/COVID_19/data/COVID-19_Radiography_Dataset/Viral Pneumonia/images/Viral Pneumonia-604.png,Viral Pneumonia
/Users/theodaguier/Developer/Projects/School/COVID_19/data/COVID-19_Radiography_Dataset/Viral Pneumonia/images/Viral Pneumonia-162.png,Viral Pneumonia
/Users/theodaguier/Developer/Projects/School/COVID_19/data/COVID-19_Radiography_Dataset/Viral Pneumonia/images/Viral Pneumonia-176.png,Viral Pneumonia
/Users/theodaguier/Developer/Projects/School/COVID_19/data/COVID-19_Radiography_Dataset/Viral Pneumonia/images/Viral Pneumonia-610.png,Viral Pneumonia
/Users/theodaguier/Developer/Projects/School/COVID_19/data/COVID-19_Radiography_Dataset/Viral Pneumonia/images/Viral Pneumonia-638.png,Viral Pneumonia
/Users/theodaguier/Developer/Projects/School/COVID_19/data/COVID-19_Radiography_Dataset/Viral Pneumonia/images/Viral Pneumonia-1031.png,Viral Pneumonia
/Users/theodaguier/Developer/Projects/School/COVID_19/data/COVID-19_Radiography_Dataset/Viral Pneumonia/images/Viral Pneumonia-1025.png,Viral Pneumonia
/Users/theodaguier/Developer/Projects/School/COVID_19/data/COVID-19_Radiography_Dataset/Viral Pneumonia/images/Viral Pneumonia-823.png,Viral Pneumonia
/Users/theodaguier/Developer/Projects/School/COVID_19/data/COVID-19_Radiography_Dataset/Viral Pneumonia/images/Viral Pneumonia-1019.png,Viral Pneumonia
/Users/theodaguier/Developer/Projects/School/COVID_19/data/COVID-19_Radiography_Dataset/Viral Pneumonia/images/Viral Pneumonia-189.png,Viral Pneumonia
/Users/theodaguier/Developer/Projects/School/COVID_19/data/COVID-19_Radiography_Dataset/Viral Pneumonia/images/Viral Pneumonia-837.png,Viral Pneumonia
/Users/theodaguier/Developer/Projects/School/COVID_19/data/COVID-19_Radiography_Dataset/Viral Pneumonia/images/Viral Pneumonia-188.png,Viral Pneumonia
/Users/theodaguier/Developer/Projects/School/COVID_19/data/COVID-19_Radiography_Dataset/Viral Pneumonia/images/Viral Pneumonia-1018.png,Viral Pneumonia
/Users/theodaguier/Developer/Projects/School/COVID_19/data/COVID-19_Radiography_Dataset/Viral Pneumonia/images/Viral Pneumonia-836.png,Viral Pneumonia
/Users/theodaguier/Developer/Projects/School/COVID_19/data/COVID-19_Radiography_Dataset/Viral Pneumonia/images/Viral Pneumonia-822.png,Viral Pneumonia
/Users/theodaguier/Developer/Projects/School/COVID_19/data/COVID-19_Radiography_Dataset/Viral Pneumonia/images/Viral Pneumonia-1024.png,Viral Pneumonia
/Users/theodaguier/Developer/Projects/School/COVID_19/data/COVID-19_Radiography_Dataset/Viral Pneumonia/images/Viral Pneumonia-1030.png,Viral Pneumonia
/Users/theodaguier/Developer/Projects/School/COVID_19/data/COVID-19_Radiography_Dataset/Viral Pneumonia/images/Viral Pneumonia-639.png,Viral Pneumonia
/Users/theodaguier/Developer/Projects/School/COVID_19/data/COVID-19_Radiography_Dataset/Viral Pneumonia/images/Viral Pneumonia-177.png,Viral Pneumonia
/Users/theodaguier/Developer/Projects/School/COVID_19/data/COVID-19_Radiography_Dataset/Viral Pneumonia/images/Viral Pneumonia-611.png,Viral Pneumonia
/Users/theodaguier/Developer/Projects/School/COVID_19/data/COVID-19_Radiography_Dataset/Viral Pneumonia/images/Viral Pneumonia-605.png,Viral Pneumonia
/Users/theodaguier/Developer/Projects/School/COVID_19/data/COVID-19_Radiography_Dataset/Viral Pneumonia/images/Viral Pneumonia-163.png,Viral Pneumonia
/Users/theodaguier/Developer/Projects/School/COVID_19/data/COVID-19_Radiography_Dataset/Viral Pneumonia/images/Viral Pneumonia-28.png,Viral Pneumonia
/Users/theodaguier/Developer/Projects/School/COVID_19/data/COVID-19_Radiography_Dataset/Viral Pneumonia/images/Viral Pneumonia-14.png,Viral Pneumonia
/Users/theodaguier/Developer/Projects/School/COVID_19/data/COVID-19_Radiography_Dataset/Viral Pneumonia/images/Viral Pneumonia-1226.png,Viral Pneumonia
/Users/theodaguier/Developer/Projects/School/COVID_19/data/COVID-19_Radiography_Dataset/Viral Pneumonia/images/Viral Pneumonia-1232.png,Viral Pneumonia
/Users/theodaguier/Developer/Projects/School/COVID_19/data/COVID-19_Radiography_Dataset/Viral Pneumonia/images/Viral Pneumonia-349.png,Viral Pneumonia
/Users/theodaguier/Developer/Projects/School/COVID_19/data/COVID-19_Radiography_Dataset/Viral Pneumonia/images/Viral Pneumonia-413.png,Viral Pneumonia
/Users/theodaguier/Developer/Projects/School/COVID_19/data/COVID-19_Radiography_Dataset/Viral Pneumonia/images/Viral Pneumonia-375.png,Viral Pneumonia
/Users/theodaguier/Developer/Projects/School/COVID_19/data/COVID-19_Radiography_Dataset/Viral Pneumonia/images/Viral Pneumonia-361.png,Viral Pneumonia
/Users/theodaguier/Developer/Projects/School/COVID_19/data/COVID-19_Radiography_Dataset/Viral Pneumonia/images/Viral Pneumonia-407.png,Viral Pneumonia
/Users/theodaguier/Developer/Projects/School/COVID_19/data/COVID-19_Radiography_Dataset/Viral Pneumonia/images/Viral Pneumonia-598.png,Viral Pneumonia
/Users/theodaguier/Developer/Projects/School/COVID_19/data/COVID-19_Radiography_Dataset/Viral Pneumonia/images/Viral Pneumonia-229.png,Viral Pneumonia
/Users/theodaguier/Developer/Projects/School/COVID_19/data/COVID-19_Radiography_Dataset/Viral Pneumonia/images/Viral Pneumonia-567.png,Viral Pneumonia
/Users/theodaguier/Developer/Projects/School/COVID_19/data/COVID-19_Radiography_Dataset/Viral Pneumonia/images/Viral Pneumonia-201.png,Viral Pneumonia
/Users/theodaguier/Developer/Projects/School/COVID_19/data/COVID-19_Radiography_Dataset/Viral Pneumonia/images/Viral Pneumonia-215.png,Viral Pneumonia
/Users/theodaguier/Developer/Projects/School/COVID_19/data/COVID-19_Radiography_Dataset/Viral Pneumonia/images/Viral Pneumonia-573.png,Viral Pneumonia
/Users/theodaguier/Developer/Projects/School/COVID_19/data/COVID-19_Radiography_Dataset/Viral Pneumonia/images/Viral Pneumonia-942.png,Viral Pneumonia
/Users/theodaguier/Developer/Projects/School/COVID_19/data/COVID-19_Radiography_Dataset/Viral Pneumonia/images/Viral Pneumonia-956.png,Viral Pneumonia
/Users/theodaguier/Developer/Projects/School/COVID_19/data/COVID-19_Radiography_Dataset/Viral Pneumonia/images/Viral Pneumonia-1178.png,Viral Pneumonia
/Users/theodaguier/Developer/Projects/School/COVID_19/data/COVID-19_Radiography_Dataset/Viral Pneumonia/images/Viral Pneumonia-1150.png,Viral Pneumonia
/Users/theodaguier/Developer/Projects/School/COVID_19/data/COVID-19_Radiography_Dataset/Viral Pneumonia/images/Viral Pneumonia-1144.png,Viral Pneumonia
/Users/theodaguier/Developer/Projects/School/COVID_19/data/COVID-19_Radiography_Dataset/Viral Pneumonia/images/Viral Pneumonia-759.png,Viral Pneumonia
/Users/theodaguier/Developer/Projects/School/COVID_19/data/COVID-19_Radiography_Dataset/Viral Pneumonia/images/Viral Pneumonia-981.png,Viral Pneumonia
/Users/theodaguier/Developer/Projects/School/COVID_19/data/COVID-19_Radiography_Dataset/Viral Pneumonia/images/Viral Pneumonia-995.png,Viral Pneumonia
/Users/theodaguier/Developer/Projects/School/COVID_19/data/COVID-19_Radiography_Dataset/Viral Pneumonia/images/Viral Pneumonia-1193.png,Viral Pneumonia
/Users/theodaguier/Developer/Projects/School/COVID_19/data/COVID-19_Radiography_Dataset/Viral Pneumonia/images/Viral Pneumonia-765.png,Viral Pneumonia
/Users/theodaguier/Developer/Projects/School/COVID_19/data/COVID-19_Radiography_Dataset/Viral Pneumonia/images/Viral Pneumonia-771.png,Viral Pneumonia
/Users/theodaguier/Developer/Projects/School/COVID_19/data/COVID-19_Radiography_Dataset/Viral Pneumonia/images/Viral Pneumonia-1187.png,Viral Pneumonia
/Users/theodaguier/Developer/Projects/School/COVID_19/data/COVID-19_Radiography_Dataset/Lung_Opacity/images/Lung_Opacity-129.png,Lung_Opacity
/Users/theodaguier/Developer/Projects/School/COVID_19/data/COVID-19_Radiography_Dataset/Lung_Opacity/images/Lung_Opacity-1060.png,Lung_Opacity
/Users/theodaguier/Developer/Projects/School/COVID_19/data/COVID-19_Radiography_Dataset/Lung_Opacity/images/Lung_Opacity-5206.png,Lung_Opacity
/Users/theodaguier/Developer/Projects/School/COVID_19/data/COVID-19_Radiography_Dataset/Lung_Opacity/images/Lung_Opacity-2569.png,Lung_Opacity
/Users/theodaguier/Developer/Projects/School/COVID_19/data/COVID-19_Radiography_Dataset/Lung_Opacity/images/Lung_Opacity-3677.png,Lung_Opacity
/Users/theodaguier/Developer/Projects/School/COVID_19/data/COVID-19_Radiography_Dataset/Lung_Opacity/images/Lung_Opacity-4118.png,Lung_Opacity
/Users/theodaguier/Developer/Projects/School/COVID_19/data/COVID-19_Radiography_Dataset/Lung_Opacity/images/Lung_Opacity-14.png,Lung_Opacity
/Users/theodaguier/Developer/Projects/School/COVID_19/data/COVID-19_Radiography_Dataset/Lung_Opacity/images/Lung_Opacity-3111.png,Lung_Opacity
/Users/theodaguier/Developer/Projects/School/COVID_19/data/COVID-19_Radiography_Dataset/Lung_Opacity/images/Lung_Opacity-5560.png,Lung_Opacity
/Users/theodaguier/Developer/Projects/School/COVID_19/data/COVID-19_Radiography_Dataset/Lung_Opacity/images/Lung_Opacity-1706.png,Lung_Opacity
/Users/theodaguier/Developer/Projects/School/COVID_19/data/COVID-19_Radiography_Dataset/Lung_Opacity/images/Lung_Opacity-897.png,Lung_Opacity
/Users/theodaguier/Developer/Projects/School/COVID_19/data/COVID-19_Radiography_Dataset/Lung_Opacity/images/Lung_Opacity-883.png,Lung_Opacity
/Users/theodaguier/Developer/Projects/School/COVID_19/data/COVID-19_Radiography_Dataset/Lung_Opacity/images/Lung_Opacity-1712.png,Lung_Opacity
/Users/theodaguier/Developer/Projects/School/COVID_19/data/COVID-19_Radiography_Dataset/Lung_Opacity/images/Lung_Opacity-3105.png,Lung_Opacity
/Users/theodaguier/Developer/Projects/School/COVID_19/data/COVID-19_Radiography_Dataset/Lung_Opacity/images/Lung_Opacity-5574.png,Lung_Opacity
/Users/theodaguier/Developer/Projects/School/COVID_19/data/COVID-19_Radiography_Dataset/Lung_Opacity/images/Lung_Opacity-5212.png,Lung_Opacity
/Users/theodaguier/Developer/Projects/School/COVID_19/data/COVID-19_Radiography_Dataset/Lung_Opacity/images/Lung_Opacity-3663.png,Lung_Opacity
/Users/theodaguier/Developer/Projects/School/COVID_19/data/COVID-19_Radiography_Dataset/Lung_Opacity/images/Lung_Opacity-1074.png,Lung_Opacity
/Users/theodaguier/Developer/Projects/School/COVID_19/data/COVID-19_Radiography_Dataset/Lung_Opacity/images/Lung_Opacity-3893.png,Lung_Opacity
/Users/theodaguier/Developer/Projects/School/COVID_19/data/COVID-19_Radiography_Dataset/Lung_Opacity/images/Lung_Opacity-2555.png,Lung_Opacity
/Users/theodaguier/Developer/Projects/School/COVID_19/data/COVID-19_Radiography_Dataset/Lung_Opacity/images/Lung_Opacity-4124.png,Lung_Opacity
/Users/theodaguier/Developer/Projects/School/COVID_19/data/COVID-19_Radiography_Dataset/Lung_Opacity/images/Lung_Opacity-115.png,Lung_Opacity
/Users/theodaguier/Developer/Projects/School/COVID_19/data/COVID-19_Radiography_Dataset/Lung_Opacity/images/Lung_Opacity-673.png,Lung_Opacity
/Users/theodaguier/Developer/Projects/School/COVID_19/data/COVID-19_Radiography_Dataset/Lung_Opacity/images/Lung_Opacity-28.png,Lung_Opacity
/Users/theodaguier/Developer/Projects/School/COVID_19/data/COVID-19_Radiography_Dataset/Lung_Opacity/images/Lung_Opacity-4642.png,Lung_Opacity
/Users/theodaguier/Developer/Projects/School/COVID_19/data/COVID-19_Radiography_Dataset/Lung_Opacity/images/Lung_Opacity-2233.png,Lung_Opacity
/Users/theodaguier/Developer/Projects/School/COVID_19/data/COVID-19_Radiography_Dataset/Lung_Opacity/images/Lung_Opacity-4656.png,Lung_Opacity
/Users/theodaguier/Developer/Projects/School/COVID_19/data/COVID-19_Radiography_Dataset/Lung_Opacity/images/Lung_Opacity-3139.png,Lung_Opacity
/Users/theodaguier/Developer/Projects/School/COVID_19/data/COVID-19_Radiography_Dataset/Lung_Opacity/images/Lung_Opacity-2227.png,Lung_Opacity
/Users/theodaguier/Developer/Projects/School/COVID_19/data/COVID-19_Radiography_Dataset/Lung_Opacity/images/Lung_Opacity-5548.png,Lung_Opacity
/Users/theodaguier/Developer/Projects/School/COVID_19/data/COVID-19_Radiography_Dataset/Lung_Opacity/images/Lung_Opacity-667.png,Lung_Opacity
/Users/theodaguier/Developer/Projects/School/COVID_19/data/COVID-19_Radiography_Dataset/Lung_Opacity/images/Lung_Opacity-101.png,Lung_Opacity
/Users/theodaguier/Developer/Projects/School/COVID_19/data/COVID-19_Radiography_Dataset/Lung_Opacity/images/Lung_Opacity-1048.png,Lung_Opacity
/Users/theodaguier/Developer/Projects/School/COVID_19/data/COVID-19_Radiography_Dataset/Lung_Opacity/images/Lung_Opacity-3887.png,Lung_Opacity
/Users/theodaguier/Developer/Projects/School/COVID_19/data/COVID-19_Radiography_Dataset/Lung_Opacity/images/Lung_Opacity-2541.png,Lung_Opacity
/Users/theodaguier/Developer/Projects/School/COVID_19/data/COVID-19_Radiography_Dataset/Lung_Opacity/images/Lung_Opacity-4130.png,Lung_Opacity
/Users/theodaguier/Developer/Projects/School/COVID_19/data/COVID-19_Radiography_Dataset/Lung_Opacity/images/Lung_Opacity-854.png,Lung_Opacity
/Users/theodaguier/Developer/Projects/School/COVID_19/data/COVID-19_Radiography_Dataset/Lung_Opacity/images/Lung_Opacity-4865.png,Lung_Opacity
/Users/theodaguier/Developer/Projects/School/COVID_19/data/COVID-19_Radiography_Dataset/Lung_Opacity/images/Lung_Opacity-4871.png,Lung_Opacity
/Users/theodaguier/Developer/Projects/School/COVID_19/data/COVID-19_Radiography_Dataset/Lung_Opacity/images/Lung_Opacity-1909.png,Lung_Opacity
/Users/theodaguier/Developer/Projects/School/COVID_19/data/COVID-19_Radiography_Dataset/Lung_Opacity/images/Lung_Opacity-698.png,Lung_Opacity
/Users/theodaguier/Developer/Projects/School/COVID_19/data/COVID-19_Radiography_Dataset/Lung_Opacity/images/Lung_Opacity-840.png,Lung_Opacity
/Users/theodaguier/Developer/Projects/School/COVID_19/data/COVID-19_Radiography_Dataset/Lung_Opacity/images/Lung_Opacity-3878.png,Lung_Opacity
/Users/theodaguier/Developer/Projects/School/COVID_19/data/COVID-19_Radiography_Dataset/Lung_Opacity/images/Lung_Opacity-3688.png,Lung_Opacity
/Users/theodaguier/Developer/Projects/School/COVID_19/data/COVID-19_Radiography_Dataset/Lung_Opacity/images/Lung_Opacity-3850.png,Lung_Opacity
/Users/theodaguier/Developer/Projects/School/COVID_19/data/COVID-19_Radiography_Dataset/Lung_Opacity/images/Lung_Opacity-2596.png,Lung_Opacity
/Users/theodaguier/Developer/Projects/School/COVID_19/data/COVID-19_Radiography_Dataset/Lung_Opacity/images/Lung_Opacity-4859.png,Lung_Opacity
/Users/theodaguier/Developer/Projects/School/COVID_19/data/COVID-19_Radiography_Dataset/Lung_Opacity/images/Lung_Opacity-4681.png,Lung_Opacity
/Users/theodaguier/Developer/Projects/School/COVID_19/data/COVID-19_Radiography_Dataset/Lung_Opacity/images/Lung_Opacity-1921.png,Lung_Opacity
/Users/theodaguier/Developer/Projects/School/COVID_19/data/COVID-19_Radiography_Dataset/Lung_Opacity/images/Lung_Opacity-868.png,Lung_Opacity
/Users/theodaguier/Developer/Projects/School/COVID_19/data/COVID-19_Radiography_Dataset/Lung_Opacity/images/Lung_Opacity-1935.png,Lung_Opacity
/Users/theodaguier/Developer/Projects/School/COVID_19/data/COVID-19_Radiography_Dataset/Lung_Opacity/images/Lung_Opacity-4695.png,Lung_Opacity
/Users/theodaguier/Developer/Projects/School/COVID_19/data/COVID-19_Radiography_Dataset/Lung_Opacity/images/Lung_Opacity-3844.png,Lung_Opacity
/Users/theodaguier/Developer/Projects/School/COVID_19/data/COVID-19_Radiography_Dataset/Lung_Opacity/images/Lung_Opacity-2582.png,Lung_Opacity
/Users/theodaguier/Developer/Projects/School/COVID_19/data/COVID-19_Radiography_Dataset/Lung_Opacity/images/Lung_Opacity-1504.png,Lung_Opacity
/Users/theodaguier/Developer/Projects/School/COVID_19/data/COVID-19_Radiography_Dataset/Lung_Opacity/images/Lung_Opacity-5762.png,Lung_Opacity
/Users/theodaguier/Developer/Projects/School/COVID_19/data/COVID-19_Radiography_Dataset/Lung_Opacity/images/Lung_Opacity-3313.png,Lung_Opacity
/Users/theodaguier/Developer/Projects/School/COVID_19/data/COVID-19_Radiography_Dataset/Lung_Opacity/images/Lung_Opacity-3475.png,Lung_Opacity
/Users/theodaguier/Developer/Projects/School/COVID_19/data/COVID-19_Radiography_Dataset/Lung_Opacity/images/Lung_Opacity-5004.png,Lung_Opacity
/Users/theodaguier/Developer/Projects/School/COVID_19/data/COVID-19_Radiography_Dataset/Lung_Opacity/images/Lung_Opacity-1262.png,Lung_Opacity
/Users/theodaguier/Developer/Projects/School/COVID_19/data/COVID-19_Radiography_Dataset/Lung_Opacity/images/Lung_Opacity-1276.png,Lung_Opacity
/Users/theodaguier/Developer/Projects/School/COVID_19/data/COVID-19_Radiography_Dataset/Lung_Opacity/images/Lung_Opacity-3461.png,Lung_Opacity
/Users/theodaguier/Developer/Projects/School/COVID_19/data/COVID-19_Radiography_Dataset/Lung_Opacity/images/Lung_Opacity-5010.png,Lung_Opacity
/Users/theodaguier/Developer/Projects/School/COVID_19/data/COVID-19_Radiography_Dataset/Lung_Opacity/images/Lung_Opacity-5776.png,Lung_Opacity
/Users/theodaguier/Developer/Projects/School/COVID_19/data/COVID-19_Radiography_Dataset/Lung_Opacity/images/Lung_Opacity-2019.png,Lung_Opacity
/Users/theodaguier/Developer/Projects/School/COVID_19/data/COVID-19_Radiography_Dataset/Lung_Opacity/images/Lung_Opacity-3307.png,Lung_Opacity
/Users/theodaguier/Developer/Projects/School/COVID_19/data/COVID-19_Radiography_Dataset/Lung_Opacity/images/Lung_Opacity-4468.png,Lung_Opacity
/Users/theodaguier/Developer/Projects/School/COVID_19/data/COVID-19_Radiography_Dataset/Lung_Opacity/images/Lung_Opacity-459.png,Lung_Opacity
/Users/theodaguier/Developer/Projects/School/COVID_19/data/COVID-19_Radiography_Dataset/Lung_Opacity/images/Lung_Opacity-1510.png,Lung_Opacity
/Users/theodaguier/Developer/Projects/School/COVID_19/data/COVID-19_Radiography_Dataset/Lung_Opacity/images/Lung_Opacity-2031.png,Lung_Opacity
/Users/theodaguier/Developer/Projects/School/COVID_19/data/COVID-19_Radiography_Dataset/Lung_Opacity/images/Lung_Opacity-5986.png,Lung_Opacity
/Users/theodaguier/Developer/Projects/School/COVID_19/data/COVID-19_Radiography_Dataset/Lung_Opacity/images/Lung_Opacity-4440.png,Lung_Opacity
/Users/theodaguier/Developer/Projects/School/COVID_19/data/COVID-19_Radiography_Dataset/Lung_Opacity/images/Lung_Opacity-471.png,Lung_Opacity
/Users/theodaguier/Developer/Projects/School/COVID_19/data/COVID-19_Radiography_Dataset/Lung_Opacity/images/Lung_Opacity-1538.png,Lung_Opacity
/Users/theodaguier/Developer/Projects/School/COVID_19/data/COVID-19_Radiography_Dataset/Lung_Opacity/images/Lung_Opacity-317.png,Lung_Opacity
/Users/theodaguier/Developer/Projects/School/COVID_19/data/COVID-19_Radiography_Dataset/Lung_Opacity/images/Lung_Opacity-4326.png,Lung_Opacity
/Users/theodaguier/Developer/Projects/School/COVID_19/data/COVID-19_Radiography_Dataset/Lung_Opacity/images/Lung_Opacity-3449.png,Lung_Opacity
/Users/theodaguier/Developer/Projects/School/COVID_19/data/COVID-19_Radiography_Dataset/Lung_Opacity/images/Lung_Opacity-2757.png,Lung_Opacity
/Users/theodaguier/Developer/Projects/School/COVID_19/data/COVID-19_Radiography_Dataset/Lung_Opacity/images/Lung_Opacity-5038.png,Lung_Opacity
/Users/theodaguier/Developer/Projects/School/COVID_19/data/COVID-19_Radiography_Dataset/Lung_Opacity/images/Lung_Opacity-4332.png,Lung_Opacity
/Users/theodaguier/Developer/Projects/School/COVID_19/data/COVID-19_Radiography_Dataset/Lung_Opacity/images/Lung_Opacity-2743.png,Lung_Opacity
/Users/theodaguier/Developer/Projects/School/COVID_19/data/COVID-19_Radiography_Dataset/Lung_Opacity/images/Lung_Opacity-303.png,Lung_Opacity
/Users/theodaguier/Developer/Projects/School/COVID_19/data/COVID-19_Radiography_Dataset/Lung_Opacity/images/Lung_Opacity-465.png,Lung_Opacity
/Users/theodaguier/Developer/Projects/School/COVID_19/data/COVID-19_Radiography_Dataset/Lung_Opacity/images/Lung_Opacity-2025.png,Lung_Opacity
/Users/theodaguier/Developer/Projects/School/COVID_19/data/COVID-19_Radiography_Dataset/Lung_Opacity/images/Lung_Opacity-5992.png,Lung_Opacity
/Users/theodaguier/Developer/Projects/School/COVID_19/data/COVID-19_Radiography_Dataset/Lung_Opacity/images/Lung_Opacity-4454.png,Lung_Opacity
/Users/theodaguier/Developer/Projects/School/COVID_19/data/COVID-19_Radiography_Dataset/Lung_Opacity/images/Lung_Opacity-5979.png,Lung_Opacity
/Users/theodaguier/Developer/Projects/School/COVID_19/data/COVID-19_Radiography_Dataset/Lung_Opacity/images/Lung_Opacity-2970.png,Lung_Opacity
/Users/theodaguier/Developer/Projects/School/COVID_19/data/COVID-19_Radiography_Dataset/Lung_Opacity/images/Lung_Opacity-2964.png,Lung_Opacity
/Users/theodaguier/Developer/Projects/School/COVID_19/data/COVID-19_Radiography_Dataset/Lung_Opacity/images/Lung_Opacity-5945.png,Lung_Opacity
/Users/theodaguier/Developer/Projects/School/COVID_19/data/COVID-19_Radiography_Dataset/Lung_Opacity/images/Lung_Opacity-4483.png,Lung_Opacity
/Users/theodaguier/Developer/Projects/School/COVID_19/data/COVID-19_Radiography_Dataset/Lung_Opacity/images/Lung_Opacity-2794.png,Lung_Opacity
/Users/theodaguier/Developer/Projects/School/COVID_19/data/COVID-19_Radiography_Dataset/Lung_Opacity/images/Lung_Opacity-1289.png,Lung_Opacity
/Users/theodaguier/Developer/Projects/School/COVID_19/data/COVID-19_Radiography_Dataset/Lung_Opacity/images/Lung_Opacity-2780.png,Lung_Opacity
/Users/theodaguier/Developer/Projects/School/COVID_19/data/COVID-19_Radiography_Dataset/Lung_Opacity/images/Lung_Opacity-2958.png,Lung_Opacity
/Users/theodaguier/Developer/Projects/School/COVID_19/data/COVID-19_Radiography_Dataset/Lung_Opacity/images/Lung_Opacity-5951.png,Lung_Opacity
/Users/theodaguier/Developer/Projects/School/COVID_19/data/COVID-19_Radiography_Dataset/Lung_Opacity/images/Lung_Opacity-4497.png,Lung_Opacity
/Users/theodaguier/Developer/Projects/School/COVID_19/data/COVID-19_Radiography_Dataset/Lung_Opacity/images/Lung_Opacity-5789.png,Lung_Opacity
/Users/theodaguier/Developer/Projects/School/COVID_19/data/COVID-19_Radiography_Dataset/Lung_Opacity/images/Lung_Opacity-1470.png,Lung_Opacity
/Users/theodaguier/Developer/Projects/School/COVID_19/data/COVID-19_Radiography_Dataset/Lung_Opacity/images/Lung_Opacity-539.png,Lung_Opacity
/Users/theodaguier/Developer/Projects/School/COVID_19/data/COVID-19_Radiography_Dataset/Lung_Opacity/images/Lung_Opacity-4508.png,Lung_Opacity
/Users/theodaguier/Developer/Projects/School/COVID_19/data/COVID-19_Radiography_Dataset/Lung_Opacity/images/Lung_Opacity-3267.png,Lung_Opacity
/Users/theodaguier/Developer/Projects/School/COVID_19/data/COVID-19_Radiography_Dataset/Lung_Opacity/images/Lung_Opacity-2179.png,Lung_Opacity
/Users/theodaguier/Developer/Projects/School/COVID_19/data/COVID-19_Radiography_Dataset/Lung_Opacity/images/Lung_Opacity-5616.png,Lung_Opacity
/Users/theodaguier/Developer/Projects/School/COVID_19/data/COVID-19_Radiography_Dataset/Lung_Opacity/images/Lung_Opacity-5170.png,Lung_Opacity
/Users/theodaguier/Developer/Projects/School/COVID_19/data/COVID-19_Radiography_Dataset/Lung_Opacity/images/Lung_Opacity-3501.png,Lung_Opacity
/Users/theodaguier/Developer/Projects/School/COVID_19/data/COVID-19_Radiography_Dataset/Lung_Opacity/images/Lung_Opacity-1316.png,Lung_Opacity
/Users/theodaguier/Developer/Projects/School/COVID_19/data/COVID-19_Radiography_Dataset/Lung_Opacity/images/Lung_Opacity-1302.png,Lung_Opacity
/Users/theodaguier/Developer/Projects/School/COVID_19/data/COVID-19_Radiography_Dataset/Lung_Opacity/images/Lung_Opacity-5164.png,Lung_Opacity
/Users/theodaguier/Developer/Projects/School/COVID_19/data/COVID-19_Radiography_Dataset/Lung_Opacity/images/Lung_Opacity-3515.png,Lung_Opacity
/Users/theodaguier/Developer/Projects/School/COVID_19/data/COVID-19_Radiography_Dataset/Lung_Opacity/images/Lung_Opacity-3273.png,Lung_Opacity
/Users/theodaguier/Developer/Projects/School/COVID_19/data/COVID-19_Radiography_Dataset/Lung_Opacity/images/Lung_Opacity-5602.png,Lung_Opacity
/Users/theodaguier/Developer/Projects/School/COVID_19/data/COVID-19_Radiography_Dataset/Lung_Opacity/images/Lung_Opacity-1464.png,Lung_Opacity
/Users/theodaguier/Developer/Projects/School/COVID_19/data/COVID-19_Radiography_Dataset/Lung_Opacity/images/Lung_Opacity-4534.png,Lung_Opacity
/Users/theodaguier/Developer/Projects/School/COVID_19/data/COVID-19_Radiography_Dataset/Lung_Opacity/images/Lung_Opacity-2145.png,Lung_Opacity
/Users/theodaguier/Developer/Projects/School/COVID_19/data/COVID-19_Radiography_Dataset/Lung_Opacity/images/Lung_Opacity-505.png,Lung_Opacity
/Users/theodaguier/Developer/Projects/School/COVID_19/data/COVID-19_Radiography_Dataset/Lung_Opacity/images/Lung_Opacity-263.png,Lung_Opacity
/Users/theodaguier/Developer/Projects/School/COVID_19/data/COVID-19_Radiography_Dataset/Lung_Opacity/images/Lung_Opacity-2623.png,Lung_Opacity
/Users/theodaguier/Developer/Projects/School/COVID_19/data/COVID-19_Radiography_Dataset/Lung_Opacity/images/Lung_Opacity-4252.png,Lung_Opacity
/Users/theodaguier/Developer/Projects/School/COVID_19/data/COVID-19_Radiography_Dataset/Lung_Opacity/images/Lung_Opacity-5158.png,Lung_Opacity
/Users/theodaguier/Developer/Projects/School/COVID_19/data/COVID-19_Radiography_Dataset/Lung_Opacity/images/Lung_Opacity-2637.png,Lung_Opacity
/Users/theodaguier/Developer/Projects/School/COVID_19/data/COVID-19_Radiography_Dataset/Lung_Opacity/images/Lung_Opacity-3529.png,Lung_Opacity
/Users/theodaguier/Developer/Projects/School/COVID_19/data/COVID-19_Radiography_Dataset/Lung_Opacity/images/Lung_Opacity-4246.png,Lung_Opacity
/Users/theodaguier/Developer/Projects/School/COVID_19/data/COVID-19_Radiography_Dataset/Lung_Opacity/images/Lung_Opacity-277.png,Lung_Opacity
/Users/theodaguier/Developer/Projects/School/COVID_19/data/COVID-19_Radiography_Dataset/Lung_Opacity/images/Lung_Opacity-1458.png,Lung_Opacity
/Users/theodaguier/Developer/Projects/School/COVID_19/data/COVID-19_Radiography_Dataset/Lung_Opacity/images/Lung_Opacity-511.png,Lung_Opacity
/Users/theodaguier/Developer/Projects/School/COVID_19/data/COVID-19_Radiography_Dataset/Lung_Opacity/images/Lung_Opacity-4520.png,Lung_Opacity
/Users/theodaguier/Developer/Projects/School/COVID_19/data/COVID-19_Radiography_Dataset/Lung_Opacity/images/Lung_Opacity-2151.png,Lung_Opacity
/Users/theodaguier/Developer/Projects/School/COVID_19/data/COVID-19_Radiography_Dataset/Lung_Opacity/images/Lung_Opacity-2804.png,Lung_Opacity
/Users/theodaguier/Developer/Projects/School/COVID_19/data/COVID-19_Radiography_Dataset/Lung_Opacity/images/Lung_Opacity-2810.png,Lung_Opacity
/Users/theodaguier/Developer/Projects/School/COVID_19/data/COVID-19_Radiography_Dataset/Lung_Opacity/images/Lung_Opacity-288.png,Lung_Opacity
/Users/theodaguier/Developer/Projects/School/COVID_19/data/COVID-19_Radiography_Dataset/Lung_Opacity/images/Lung_Opacity-5819.png,Lung_Opacity
/Users/theodaguier/Developer/Projects/School/COVID_19/data/COVID-19_Radiography_Dataset/Lung_Opacity/images/Lung_Opacity-2186.png,Lung_Opacity
/Users/theodaguier/Developer/Projects/School/COVID_19/data/COVID-19_Radiography_Dataset/Lung_Opacity/images/Lung_Opacity-5831.png,Lung_Opacity
/Users/theodaguier/Developer/Projects/School/COVID_19/data/COVID-19_Radiography_Dataset/Lung_Opacity/images/Lung_Opacity-3298.png,Lung_Opacity
/Users/theodaguier/Developer/Projects/School/COVID_19/data/COVID-19_Radiography_Dataset/Lung_Opacity/images/Lung_Opacity-4291.png,Lung_Opacity
/Users/theodaguier/Developer/Projects/School/COVID_19/data/COVID-19_Radiography_Dataset/Lung_Opacity/images/Lung_Opacity-2838.png,Lung_Opacity
/Users/theodaguier/Developer/Projects/School/COVID_19/data/COVID-19_Radiography_Dataset/Lung_Opacity/images/Lung_Opacity-4285.png,Lung_Opacity
/Users/theodaguier/Developer/Projects/School/COVID_19/data/COVID-19_Radiography_Dataset/Lung_Opacity/images/Lung_Opacity-2192.png,Lung_Opacity
/Users/theodaguier/Developer/Projects/School/COVID_19/data/COVID-19_Radiography_Dataset/Lung_Opacity/images/Lung_Opacity-5825.png,Lung_Opacity
/Users/theodaguier/Developer/Projects/School/COVID_19/data/COVID-19_Radiography_Dataset/Lung_Opacity/images/Lung_Opacity-1114.png,Lung_Opacity
/Users/theodaguier/Developer/Projects/School/COVID_19/data/COVID-19_Radiography_Dataset/Lung_Opacity/images/Lung_Opacity-3703.png,Lung_Opacity
/Users/theodaguier/Developer/Projects/School/COVID_19/data/COVID-19_Radiography_Dataset/Lung_Opacity/images/Lung_Opacity-5372.png,Lung_Opacity
/Users/theodaguier/Developer/Projects/School/COVID_19/data/COVID-19_Radiography_Dataset/Lung_Opacity/images/Lung_Opacity-5414.png,Lung_Opacity
/Users/theodaguier/Developer/Projects/School/COVID_19/data/COVID-19_Radiography_Dataset/Lung_Opacity/images/Lung_Opacity-3065.png,Lung_Opacity
/Users/theodaguier/Developer/Projects/School/COVID_19/data/COVID-19_Radiography_Dataset/Lung_Opacity/images/Lung_Opacity-1672.png,Lung_Opacity
/Users/theodaguier/Developer/Projects/School/COVID_19/data/COVID-19_Radiography_Dataset/Lung_Opacity/images/Lung_Opacity-1666.png,Lung_Opacity
/Users/theodaguier/Developer/Projects/School/COVID_19/data/COVID-19_Radiography_Dataset/Lung_Opacity/images/Lung_Opacity-5400.png,Lung_Opacity
/Users/theodaguier/Developer/Projects/School/COVID_19/data/COVID-19_Radiography_Dataset/Lung_Opacity/images/Lung_Opacity-3071.png,Lung_Opacity
/Users/theodaguier/Developer/Projects/School/COVID_19/data/COVID-19_Radiography_Dataset/Lung_Opacity/images/Lung_Opacity-4078.png,Lung_Opacity
/Users/theodaguier/Developer/Projects/School/COVID_19/data/COVID-19_Radiography_Dataset/Lung_Opacity/images/Lung_Opacity-3717.png,Lung_Opacity
/Users/theodaguier/Developer/Projects/School/COVID_19/data/COVID-19_Radiography_Dataset/Lung_Opacity/images/Lung_Opacity-2409.png,Lung_Opacity
/Users/theodaguier/Developer/Projects/School/COVID_19/data/COVID-19_Radiography_Dataset/Lung_Opacity/images/Lung_Opacity-5366.png,Lung_Opacity
/Users/theodaguier/Developer/Projects/School/COVID_19/data/COVID-19_Radiography_Dataset/Lung_Opacity/images/Lung_Opacity-1100.png,Lung_Opacity
/Users/theodaguier/Developer/Projects/School/COVID_19/data/COVID-19_Radiography_Dataset/Lung_Opacity/images/Lung_Opacity-4050.png,Lung_Opacity
/Users/theodaguier/Developer/Projects/School/COVID_19/data/COVID-19_Radiography_Dataset/Lung_Opacity/images/Lung_Opacity-2421.png,Lung_Opacity
/Users/theodaguier/Developer/Projects/School/COVID_19/data/COVID-19_Radiography_Dataset/Lung_Opacity/images/Lung_Opacity-1128.png,Lung_Opacity
/Users/theodaguier/Developer/Projects/School/COVID_19/data/COVID-19_Radiography_Dataset/Lung_Opacity/images/Lung_Opacity-1896.png,Lung_Opacity
/Users/theodaguier/Developer/Projects/School/COVID_19/data/COVID-19_Radiography_Dataset/Lung_Opacity/images/Lung_Opacity-707.png,Lung_Opacity
/Users/theodaguier/Developer/Projects/School/COVID_19/data/COVID-19_Radiography_Dataset/Lung_Opacity/images/Lung_Opacity-6.png,Lung_Opacity
/Users/theodaguier/Developer/Projects/School/COVID_19/data/COVID-19_Radiography_Dataset/Lung_Opacity/images/Lung_Opacity-5428.png,Lung_Opacity
/Users/theodaguier/Developer/Projects/School/COVID_19/data/COVID-19_Radiography_Dataset/Lung_Opacity/images/Lung_Opacity-2347.png,Lung_Opacity
/Users/theodaguier/Developer/Projects/School/COVID_19/data/COVID-19_Radiography_Dataset/Lung_Opacity/images/Lung_Opacity-3059.png,Lung_Opacity
/Users/theodaguier/Developer/Projects/School/COVID_19/data/COVID-19_Radiography_Dataset/Lung_Opacity/images/Lung_Opacity-4736.png,Lung_Opacity
/Users/theodaguier/Developer/Projects/School/COVID_19/data/COVID-19_Radiography_Dataset/Lung_Opacity/images/Lung_Opacity-2353.png,Lung_Opacity
/Users/theodaguier/Developer/Projects/School/COVID_19/data/COVID-19_Radiography_Dataset/Lung_Opacity/images/Lung_Opacity-4722.png,Lung_Opacity
/Users/theodaguier/Developer/Projects/School/COVID_19/data/COVID-19_Radiography_Dataset/Lung_Opacity/images/Lung_Opacity-713.png,Lung_Opacity
/Users/theodaguier/Developer/Projects/School/COVID_19/data/COVID-19_Radiography_Dataset/Lung_Opacity/images/Lung_Opacity-1882.png,Lung_Opacity
/Users/theodaguier/Developer/Projects/School/COVID_19/data/COVID-19_Radiography_Dataset/Lung_Opacity/images/Lung_Opacity-4044.png,Lung_Opacity
/Users/theodaguier/Developer/Projects/School/COVID_19/data/COVID-19_Radiography_Dataset/Lung_Opacity/images/Lung_Opacity-2435.png,Lung_Opacity
/Users/theodaguier/Developer/Projects/School/COVID_19/data/COVID-19_Radiography_Dataset/Lung_Opacity/images/Lung_Opacity-3918.png,Lung_Opacity
/Users/theodaguier/Developer/Projects/School/COVID_19/data/COVID-19_Radiography_Dataset/Lung_Opacity/images/Lung_Opacity-920.png,Lung_Opacity
/Users/theodaguier/Developer/Projects/School/COVID_19/data/COVID-19_Radiography_Dataset/Lung_Opacity/images/Lung_Opacity-1869.png,Lung_Opacity
/Users/theodaguier/Developer/Projects/School/COVID_19/data/COVID-19_Radiography_Dataset/Lung_Opacity/images/Lung_Opacity-4911.png,Lung_Opacity
/Users/theodaguier/Developer/Projects/School/COVID_19/data/COVID-19_Radiography_Dataset/Lung_Opacity/images/Lung_Opacity-4905.png,Lung_Opacity
/Users/theodaguier/Developer/Projects/School/COVID_19/data/COVID-19_Radiography_Dataset/Lung_Opacity/images/Lung_Opacity-934.png,Lung_Opacity
/Users/theodaguier/Developer/Projects/School/COVID_19/data/COVID-19_Radiography_Dataset/Lung_Opacity/images/Lung_Opacity-3924.png,Lung_Opacity
/Users/theodaguier/Developer/Projects/School/COVID_19/data/COVID-19_Radiography_Dataset/Lung_Opacity/images/Lung_Opacity-4093.png,Lung_Opacity
/Users/theodaguier/Developer/Projects/School/COVID_19/data/COVID-19_Radiography_Dataset/Lung_Opacity/images/Lung_Opacity-2384.png,Lung_Opacity
/Users/theodaguier/Developer/Projects/School/COVID_19/data/COVID-19_Radiography_Dataset/Lung_Opacity/images/Lung_Opacity-1855.png,Lung_Opacity
/Users/theodaguier/Developer/Projects/School/COVID_19/data/COVID-19_Radiography_Dataset/Lung_Opacity/images/Lung_Opacity-1699.png,Lung_Opacity
/Users/theodaguier/Developer/Projects/School/COVID_19/data/COVID-19_Radiography_Dataset/Lung_Opacity/images/Lung_Opacity-908.png,Lung_Opacity
/Users/theodaguier/Developer/Projects/School/COVID_19/data/COVID-19_Radiography_Dataset/Lung_Opacity/images/Lung_Opacity-1841.png,Lung_Opacity
/Users/theodaguier/Developer/Projects/School/COVID_19/data/COVID-19_Radiography_Dataset/Lung_Opacity/images/Lung_Opacity-2390.png,Lung_Opacity
/Users/theodaguier/Developer/Projects/School/COVID_19/data/COVID-19_Radiography_Dataset/Lung_Opacity/images/Lung_Opacity-4939.png,Lung_Opacity
/Users/theodaguier/Developer/Projects/School/COVID_19/data/COVID-19_Radiography_Dataset/Lung_Opacity/images/Lung_Opacity-3930.png,Lung_Opacity
/Users/theodaguier/Developer/Projects/School/COVID_19/data/COVID-19_Radiography_Dataset/Lung_Opacity/images/Lung_Opacity-5399.png,Lung_Opacity
/Users/theodaguier/Developer/Projects/School/COVID_19/data/COVID-19_Radiography_Dataset/Lung_Opacity/images/Lung_Opacity-4087.png,Lung_Opacity
/Users/theodaguier/Developer/Projects/School/COVID_19/data/COVID-19_Radiography_Dataset/Lung_Opacity/images/Lung_Opacity-4938.png,Lung_Opacity
/Users/theodaguier/Developer/Projects/School/COVID_19/data/COVID-19_Radiography_Dataset/Lung_Opacity/images/Lung_Opacity-2391.png,Lung_Opacity
/Users/theodaguier/Developer/Projects/School/COVID_19/data/COVID-19_Radiography_Dataset/Lung_Opacity/images/Lung_Opacity-1840.png,Lung_Opacity
/Users/theodaguier/Developer/Projects/School/COVID_19/data/COVID-19_Radiography_Dataset/Lung_Opacity/images/Lung_Opacity-909.png,Lung_Opacity
/Users/theodaguier/Developer/Projects/School/COVID_19/data/COVID-19_Radiography_Dataset/Lung_Opacity/images/Lung_Opacity-1698.png,Lung_Opacity
/Users/theodaguier/Developer/Projects/School/COVID_19/data/COVID-19_Radiography_Dataset/Lung_Opacity/images/Lung_Opacity-4086.png,Lung_Opacity
/Users/theodaguier/Developer/Projects/School/COVID_19/data/COVID-19_Radiography_Dataset/Lung_Opacity/images/Lung_Opacity-5398.png,Lung_Opacity
/Users/theodaguier/Developer/Projects/School/COVID_19/data/COVID-19_Radiography_Dataset/Lung_Opacity/images/Lung_Opacity-3931.png,Lung_Opacity
/Users/theodaguier/Developer/Projects/School/COVID_19/data/COVID-19_Radiography_Dataset/Lung_Opacity/images/Lung_Opacity-4092.png,Lung_Opacity
/Users/theodaguier/Developer/Projects/School/COVID_19/data/COVID-19_Radiography_Dataset/Lung_Opacity/images/Lung_Opacity-3925.png,Lung_Opacity
/Users/theodaguier/Developer/Projects/School/COVID_19/data/COVID-19_Radiography_Dataset/Lung_Opacity/images/Lung_Opacity-1854.png,Lung_Opacity
/Users/theodaguier/Developer/Projects/School/COVID_19/data/COVID-19_Radiography_Dataset/Lung_Opacity/images/Lung_Opacity-2385.png,Lung_Opacity
/Users/theodaguier/Developer/Projects/School/COVID_19/data/COVID-19_Radiography_Dataset/Lung_Opacity/images/Lung_Opacity-935.png,Lung_Opacity
/Users/theodaguier/Developer/Projects/School/COVID_19/data/COVID-19_Radiography_Dataset/Lung_Opacity/images/Lung_Opacity-4904.png,Lung_Opacity
/Users/theodaguier/Developer/Projects/School/COVID_19/data/COVID-19_Radiography_Dataset/Lung_Opacity/images/Lung_Opacity-3919.png,Lung_Opacity
/Users/theodaguier/Developer/Projects/School/COVID_19/data/COVID-19_Radiography_Dataset/Lung_Opacity/images/Lung_Opacity-4910.png,Lung_Opacity
/Users/theodaguier/Developer/Projects/School/COVID_19/data/COVID-19_Radiography_Dataset/Lung_Opacity/images/Lung_Opacity-1868.png,Lung_Opacity
/Users/theodaguier/Developer/Projects/School/COVID_19/data/COVID-19_Radiography_Dataset/Lung_Opacity/images/Lung_Opacity-921.png,Lung_Opacity
/Users/theodaguier/Developer/Projects/School/COVID_19/data/COVID-19_Radiography_Dataset/Lung_Opacity/images/Lung_Opacity-1883.png,Lung_Opacity
/Users/theodaguier/Developer/Projects/School/COVID_19/data/COVID-19_Radiography_Dataset/Lung_Opacity/images/Lung_Opacity-712.png,Lung_Opacity
/Users/theodaguier/Developer/Projects/School/COVID_19/data/COVID-19_Radiography_Dataset/Lung_Opacity/images/Lung_Opacity-4723.png,Lung_Opacity
/Users/theodaguier/Developer/Projects/School/COVID_19/data/COVID-19_Radiography_Dataset/Lung_Opacity/images/Lung_Opacity-2352.png,Lung_Opacity
/Users/theodaguier/Developer/Projects/School/COVID_19/data/COVID-19_Radiography_Dataset/Lung_Opacity/images/Lung_Opacity-2434.png,Lung_Opacity
/Users/theodaguier/Developer/Projects/School/COVID_19/data/COVID-19_Radiography_Dataset/Lung_Opacity/images/Lung_Opacity-4045.png,Lung_Opacity
/Users/theodaguier/Developer/Projects/School/COVID_19/data/COVID-19_Radiography_Dataset/Lung_Opacity/images/Lung_Opacity-1129.png,Lung_Opacity
/Users/theodaguier/Developer/Projects/School/COVID_19/data/COVID-19_Radiography_Dataset/Lung_Opacity/images/Lung_Opacity-2420.png,Lung_Opacity
/Users/theodaguier/Developer/Projects/School/COVID_19/data/COVID-19_Radiography_Dataset/Lung_Opacity/images/Lung_Opacity-4051.png,Lung_Opacity
/Users/theodaguier/Developer/Projects/School/COVID_19/data/COVID-19_Radiography_Dataset/Lung_Opacity/images/Lung_Opacity-4737.png,Lung_Opacity
/Users/theodaguier/Developer/Projects/School/COVID_19/data/COVID-19_Radiography_Dataset/Lung_Opacity/images/Lung_Opacity-3058.png,Lung_Opacity
/Users/theodaguier/Developer/Projects/School/COVID_19/data/COVID-19_Radiography_Dataset/Lung_Opacity/images/Lung_Opacity-2346.png,Lung_Opacity
/Users/theodaguier/Developer/Projects/School/COVID_19/data/COVID-19_Radiography_Dataset/Lung_Opacity/images/Lung_Opacity-5429.png,Lung_Opacity
/Users/theodaguier/Developer/Projects/School/COVID_19/data/COVID-19_Radiography_Dataset/Lung_Opacity/images/Lung_Opacity-7.png,Lung_Opacity
/Users/theodaguier/Developer/Projects/School/COVID_19/data/COVID-19_Radiography_Dataset/Lung_Opacity/images/Lung_Opacity-706.png,Lung_Opacity
/Users/theodaguier/Developer/Projects/School/COVID_19/data/COVID-19_Radiography_Dataset/Lung_Opacity/images/Lung_Opacity-1897.png,Lung_Opacity
/Users/theodaguier/Developer/Projects/School/COVID_19/data/COVID-19_Radiography_Dataset/Lung_Opacity/images/Lung_Opacity-3070.png,Lung_Opacity
/Users/theodaguier/Developer/Projects/School/COVID_19/data/COVID-19_Radiography_Dataset/Lung_Opacity/images/Lung_Opacity-5401.png,Lung_Opacity
/Users/theodaguier/Developer/Projects/School/COVID_19/data/COVID-19_Radiography_Dataset/Lung_Opacity/images/Lung_Opacity-1667.png,Lung_Opacity
/Users/theodaguier/Developer/Projects/School/COVID_19/data/COVID-19_Radiography_Dataset/Lung_Opacity/images/Lung_Opacity-1101.png,Lung_Opacity
/Users/theodaguier/Developer/Projects/School/COVID_19/data/COVID-19_Radiography_Dataset/Lung_Opacity/images/Lung_Opacity-5367.png,Lung_Opacity
/Users/theodaguier/Developer/Projects/School/COVID_19/data/COVID-19_Radiography_Dataset/Lung_Opacity/images/Lung_Opacity-2408.png,Lung_Opacity
/Users/theodaguier/Developer/Projects/School/COVID_19/data/COVID-19_Radiography_Dataset/Lung_Opacity/images/Lung_Opacity-3716.png,Lung_Opacity
/Users/theodaguier/Developer/Projects/School/COVID_19/data/COVID-19_Radiography_Dataset/Lung_Opacity/images/Lung_Opacity-4079.png,Lung_Opacity
/Users/theodaguier/Developer/Projects/School/COVID_19/data/COVID-19_Radiography_Dataset/Lung_Opacity/images/Lung_Opacity-5373.png,Lung_Opacity
/Users/theodaguier/Developer/Projects/School/COVID_19/data/COVID-19_Radiography_Dataset/Lung_Opacity/images/Lung_Opacity-3702.png,Lung_Opacity
/Users/theodaguier/Developer/Projects/School/COVID_19/data/COVID-19_Radiography_Dataset/Lung_Opacity/images/Lung_Opacity-1115.png,Lung_Opacity
/Users/theodaguier/Developer/Projects/School/COVID_19/data/COVID-19_Radiography_Dataset/Lung_Opacity/images/Lung_Opacity-1673.png,Lung_Opacity
/Users/theodaguier/Developer/Projects/School/COVID_19/data/COVID-19_Radiography_Dataset/Lung_Opacity/images/Lung_Opacity-3064.png,Lung_Opacity
/Users/theodaguier/Developer/Projects/School/COVID_19/data/COVID-19_Radiography_Dataset/Lung_Opacity/images/Lung_Opacity-5415.png,Lung_Opacity
/Users/theodaguier/Developer/Projects/School/COVID_19/data/COVID-19_Radiography_Dataset/Lung_Opacity/images/Lung_Opacity-4284.png,Lung_Opacity
/Users/theodaguier/Developer/Projects/School/COVID_19/data/COVID-19_Radiography_Dataset/Lung_Opacity/images/Lung_Opacity-5824.png,Lung_Opacity
/Users/theodaguier/Developer/Projects/School/COVID_19/data/COVID-19_Radiography_Dataset/Lung_Opacity/images/Lung_Opacity-2193.png,Lung_Opacity
/Users/theodaguier/Developer/Projects/School/COVID_19/data/COVID-19_Radiography_Dataset/Lung_Opacity/images/Lung_Opacity-3299.png,Lung_Opacity
/Users/theodaguier/Developer/Projects/School/COVID_19/data/COVID-19_Radiography_Dataset/Lung_Opacity/images/Lung_Opacity-5830.png,Lung_Opacity
/Users/theodaguier/Developer/Projects/School/COVID_19/data/COVID-19_Radiography_Dataset/Lung_Opacity/images/Lung_Opacity-2187.png,Lung_Opacity
/Users/theodaguier/Developer/Projects/School/COVID_19/data/COVID-19_Radiography_Dataset/Lung_Opacity/images/Lung_Opacity-2839.png,Lung_Opacity
/Users/theodaguier/Developer/Projects/School/COVID_19/data/COVID-19_Radiography_Dataset/Lung_Opacity/images/Lung_Opacity-4290.png,Lung_Opacity
/Users/theodaguier/Developer/Projects/School/COVID_19/data/COVID-19_Radiography_Dataset/Lung_Opacity/images/Lung_Opacity-289.png,Lung_Opacity
/Users/theodaguier/Developer/Projects/School/COVID_19/data/COVID-19_Radiography_Dataset/Lung_Opacity/images/Lung_Opacity-2811.png,Lung_Opacity
/Users/theodaguier/Developer/Projects/School/COVID_19/data/COVID-19_Radiography_Dataset/Lung_Opacity/images/Lung_Opacity-5818.png,Lung_Opacity
/Users/theodaguier/Developer/Projects/School/COVID_19/data/COVID-19_Radiography_Dataset/Lung_Opacity/images/Lung_Opacity-2805.png,Lung_Opacity
/Users/theodaguier/Developer/Projects/School/COVID_19/data/COVID-19_Radiography_Dataset/Lung_Opacity/images/Lung_Opacity-276.png,Lung_Opacity
/Users/theodaguier/Developer/Projects/School/COVID_19/data/COVID-19_Radiography_Dataset/Lung_Opacity/images/Lung_Opacity-4247.png,Lung_Opacity
/Users/theodaguier/Developer/Projects/School/COVID_19/data/COVID-19_Radiography_Dataset/Lung_Opacity/images/Lung_Opacity-3528.png,Lung_Opacity
/Users/theodaguier/Developer/Projects/School/COVID_19/data/COVID-19_Radiography_Dataset/Lung_Opacity/images/Lung_Opacity-2636.png,Lung_Opacity
/Users/theodaguier/Developer/Projects/School/COVID_19/data/COVID-19_Radiography_Dataset/Lung_Opacity/images/Lung_Opacity-5159.png,Lung_Opacity
/Users/theodaguier/Developer/Projects/School/COVID_19/data/COVID-19_Radiography_Dataset/Lung_Opacity/images/Lung_Opacity-2150.png,Lung_Opacity
/Users/theodaguier/Developer/Projects/School/COVID_19/data/COVID-19_Radiography_Dataset/Lung_Opacity/images/Lung_Opacity-4521.png,Lung_Opacity
/Users/theodaguier/Developer/Projects/School/COVID_19/data/COVID-19_Radiography_Dataset/Lung_Opacity/images/Lung_Opacity-510.png,Lung_Opacity
/Users/theodaguier/Developer/Projects/School/COVID_19/data/COVID-19_Radiography_Dataset/Lung_Opacity/images/Lung_Opacity-1459.png,Lung_Opacity
/Users/theodaguier/Developer/Projects/School/COVID_19/data/COVID-19_Radiography_Dataset/Lung_Opacity/images/Lung_Opacity-504.png,Lung_Opacity
/Users/theodaguier/Developer/Projects/School/COVID_19/data/COVID-19_Radiography_Dataset/Lung_Opacity/images/Lung_Opacity-2144.png,Lung_Opacity
/Users/theodaguier/Developer/Projects/School/COVID_19/data/COVID-19_Radiography_Dataset/Lung_Opacity/images/Lung_Opacity-4535.png,Lung_Opacity
/Users/theodaguier/Developer/Projects/School/COVID_19/data/COVID-19_Radiography_Dataset/Lung_Opacity/images/Lung_Opacity-4253.png,Lung_Opacity
/Users/theodaguier/Developer/Projects/School/COVID_19/data/COVID-19_Radiography_Dataset/Lung_Opacity/images/Lung_Opacity-2622.png,Lung_Opacity
/Users/theodaguier/Developer/Projects/School/COVID_19/data/COVID-19_Radiography_Dataset/Lung_Opacity/images/Lung_Opacity-262.png,Lung_Opacity
/Users/theodaguier/Developer/Projects/School/COVID_19/data/COVID-19_Radiography_Dataset/Lung_Opacity/images/Lung_Opacity-3514.png,Lung_Opacity
/Users/theodaguier/Developer/Projects/School/COVID_19/data/COVID-19_Radiography_Dataset/Lung_Opacity/images/Lung_Opacity-5165.png,Lung_Opacity
/Users/theodaguier/Developer/Projects/School/COVID_19/data/COVID-19_Radiography_Dataset/Lung_Opacity/images/Lung_Opacity-1303.png,Lung_Opacity
/Users/theodaguier/Developer/Projects/School/COVID_19/data/COVID-19_Radiography_Dataset/Lung_Opacity/images/Lung_Opacity-1465.png,Lung_Opacity
/Users/theodaguier/Developer/Projects/School/COVID_19/data/COVID-19_Radiography_Dataset/Lung_Opacity/images/Lung_Opacity-5603.png,Lung_Opacity
/Users/theodaguier/Developer/Projects/School/COVID_19/data/COVID-19_Radiography_Dataset/Lung_Opacity/images/Lung_Opacity-3272.png,Lung_Opacity
/Users/theodaguier/Developer/Projects/School/COVID_19/data/COVID-19_Radiography_Dataset/Lung_Opacity/images/Lung_Opacity-5617.png,Lung_Opacity
/Users/theodaguier/Developer/Projects/School/COVID_19/data/COVID-19_Radiography_Dataset/Lung_Opacity/images/Lung_Opacity-2178.png,Lung_Opacity
/Users/theodaguier/Developer/Projects/School/COVID_19/data/COVID-19_Radiography_Dataset/Lung_Opacity/images/Lung_Opacity-3266.png,Lung_Opacity
/Users/theodaguier/Developer/Projects/School/COVID_19/data/COVID-19_Radiography_Dataset/Lung_Opacity/images/Lung_Opacity-4509.png,Lung_Opacity
/Users/theodaguier/Developer/Projects/School/COVID_19/data/COVID-19_Radiography_Dataset/Lung_Opacity/images/Lung_Opacity-538.png,Lung_Opacity
/Users/theodaguier/Developer/Projects/School/COVID_19/data/COVID-19_Radiography_Dataset/Lung_Opacity/images/Lung_Opacity-1471.png,Lung_Opacity
/Users/theodaguier/Developer/Projects/School/COVID_19/data/COVID-19_Radiography_Dataset/Lung_Opacity/images/Lung_Opacity-1317.png,Lung_Opacity
/Users/theodaguier/Developer/Projects/School/COVID_19/data/COVID-19_Radiography_Dataset/Lung_Opacity/images/Lung_Opacity-3500.png,Lung_Opacity
/Users/theodaguier/Developer/Projects/School/COVID_19/data/COVID-19_Radiography_Dataset/Lung_Opacity/images/Lung_Opacity-5171.png,Lung_Opacity
/Users/theodaguier/Developer/Projects/School/COVID_19/data/COVID-19_Radiography_Dataset/Lung_Opacity/images/Lung_Opacity-2959.png,Lung_Opacity
/Users/theodaguier/Developer/Projects/School/COVID_19/data/COVID-19_Radiography_Dataset/Lung_Opacity/images/Lung_Opacity-2781.png,Lung_Opacity
/Users/theodaguier/Developer/Projects/School/COVID_19/data/COVID-19_Radiography_Dataset/Lung_Opacity/images/Lung_Opacity-1288.png,Lung_Opacity
/Users/theodaguier/Developer/Projects/School/COVID_19/data/COVID-19_Radiography_Dataset/Lung_Opacity/images/Lung_Opacity-5788.png,Lung_Opacity
/Users/theodaguier/Developer/Projects/School/COVID_19/data/COVID-19_Radiography_Dataset/Lung_Opacity/images/Lung_Opacity-4496.png,Lung_Opacity
/Users/theodaguier/Developer/Projects/School/COVID_19/data/COVID-19_Radiography_Dataset/Lung_Opacity/images/Lung_Opacity-5950.png,Lung_Opacity
/Users/theodaguier/Developer/Projects/School/COVID_19/data/COVID-19_Radiography_Dataset/Lung_Opacity/images/Lung_Opacity-4482.png,Lung_Opacity
/Users/theodaguier/Developer/Projects/School/COVID_19/data/COVID-19_Radiography_Dataset/Lung_Opacity/images/Lung_Opacity-5944.png,Lung_Opacity
/Users/theodaguier/Developer/Projects/School/COVID_19/data/COVID-19_Radiography_Dataset/Lung_Opacity/images/Lung_Opacity-2795.png,Lung_Opacity
/Users/theodaguier/Developer/Projects/School/COVID_19/data/COVID-19_Radiography_Dataset/Lung_Opacity/images/Lung_Opacity-2965.png,Lung_Opacity
/Users/theodaguier/Developer/Projects/School/COVID_19/data/COVID-19_Radiography_Dataset/Lung_Opacity/images/Lung_Opacity-5978.png,Lung_Opacity
/Users/theodaguier/Developer/Projects/School/COVID_19/data/COVID-19_Radiography_Dataset/Lung_Opacity/images/Lung_Opacity-2971.png,Lung_Opacity
/Users/theodaguier/Developer/Projects/School/COVID_19/data/COVID-19_Radiography_Dataset/Lung_Opacity/images/Lung_Opacity-302.png,Lung_Opacity
/Users/theodaguier/Developer/Projects/School/COVID_19/data/COVID-19_Radiography_Dataset/Lung_Opacity/images/Lung_Opacity-2742.png,Lung_Opacity
/Users/theodaguier/Developer/Projects/School/COVID_19/data/COVID-19_Radiography_Dataset/Lung_Opacity/images/Lung_Opacity-4333.png,Lung_Opacity
/Users/theodaguier/Developer/Projects/School/COVID_19/data/COVID-19_Radiography_Dataset/Lung_Opacity/images/Lung_Opacity-4455.png,Lung_Opacity
/Users/theodaguier/Developer/Projects/School/COVID_19/data/COVID-19_Radiography_Dataset/Lung_Opacity/images/Lung_Opacity-5993.png,Lung_Opacity
/Users/theodaguier/Developer/Projects/School/COVID_19/data/COVID-19_Radiography_Dataset/Lung_Opacity/images/Lung_Opacity-2024.png,Lung_Opacity
/Users/theodaguier/Developer/Projects/School/COVID_19/data/COVID-19_Radiography_Dataset/Lung_Opacity/images/Lung_Opacity-464.png,Lung_Opacity
/Users/theodaguier/Developer/Projects/School/COVID_19/data/COVID-19_Radiography_Dataset/Lung_Opacity/images/Lung_Opacity-1539.png,Lung_Opacity
/Users/theodaguier/Developer/Projects/School/COVID_19/data/COVID-19_Radiography_Dataset/Lung_Opacity/images/Lung_Opacity-470.png,Lung_Opacity
/Users/theodaguier/Developer/Projects/School/COVID_19/data/COVID-19_Radiography_Dataset/Lung_Opacity/images/Lung_Opacity-4441.png,Lung_Opacity
/Users/theodaguier/Developer/Projects/School/COVID_19/data/COVID-19_Radiography_Dataset/Lung_Opacity/images/Lung_Opacity-5987.png,Lung_Opacity
/Users/theodaguier/Developer/Projects/School/COVID_19/data/COVID-19_Radiography_Dataset/Lung_Opacity/images/Lung_Opacity-2030.png,Lung_Opacity
/Users/theodaguier/Developer/Projects/School/COVID_19/data/COVID-19_Radiography_Dataset/Lung_Opacity/images/Lung_Opacity-5039.png,Lung_Opacity
/Users/theodaguier/Developer/Projects/School/COVID_19/data/COVID-19_Radiography_Dataset/Lung_Opacity/images/Lung_Opacity-2756.png,Lung_Opacity
/Users/theodaguier/Developer/Projects/School/COVID_19/data/COVID-19_Radiography_Dataset/Lung_Opacity/images/Lung_Opacity-3448.png,Lung_Opacity
/Users/theodaguier/Developer/Projects/School/COVID_19/data/COVID-19_Radiography_Dataset/Lung_Opacity/images/Lung_Opacity-4327.png,Lung_Opacity
/Users/theodaguier/Developer/Projects/School/COVID_19/data/COVID-19_Radiography_Dataset/Lung_Opacity/images/Lung_Opacity-316.png,Lung_Opacity
/Users/theodaguier/Developer/Projects/School/COVID_19/data/COVID-19_Radiography_Dataset/Lung_Opacity/images/Lung_Opacity-5011.png,Lung_Opacity
/Users/theodaguier/Developer/Projects/School/COVID_19/data/COVID-19_Radiography_Dataset/Lung_Opacity/images/Lung_Opacity-3460.png,Lung_Opacity
/Users/theodaguier/Developer/Projects/School/COVID_19/data/COVID-19_Radiography_Dataset/Lung_Opacity/images/Lung_Opacity-1277.png,Lung_Opacity
/Users/theodaguier/Developer/Projects/School/COVID_19/data/COVID-19_Radiography_Dataset/Lung_Opacity/images/Lung_Opacity-1511.png,Lung_Opacity
/Users/theodaguier/Developer/Projects/School/COVID_19/data/COVID-19_Radiography_Dataset/Lung_Opacity/images/Lung_Opacity-458.png,Lung_Opacity
/Users/theodaguier/Developer/Projects/School/COVID_19/data/COVID-19_Radiography_Dataset/Lung_Opacity/images/Lung_Opacity-4469.png,Lung_Opacity
/Users/theodaguier/Developer/Projects/School/COVID_19/data/COVID-19_Radiography_Dataset/Lung_Opacity/images/Lung_Opacity-3306.png,Lung_Opacity
/Users/theodaguier/Developer/Projects/School/COVID_19/data/COVID-19_Radiography_Dataset/Lung_Opacity/images/Lung_Opacity-2018.png,Lung_Opacity
/Users/theodaguier/Developer/Projects/School/COVID_19/data/COVID-19_Radiography_Dataset/Lung_Opacity/images/Lung_Opacity-5777.png,Lung_Opacity
/Users/theodaguier/Developer/Projects/School/COVID_19/data/COVID-19_Radiography_Dataset/Lung_Opacity/images/Lung_Opacity-3312.png,Lung_Opacity
/Users/theodaguier/Developer/Projects/School/COVID_19/data/COVID-19_Radiography_Dataset/Lung_Opacity/images/Lung_Opacity-5763.png,Lung_Opacity
/Users/theodaguier/Developer/Projects/School/COVID_19/data/COVID-19_Radiography_Dataset/Lung_Opacity/images/Lung_Opacity-1505.png,Lung_Opacity
/Users/theodaguier/Developer/Projects/School/COVID_19/data/COVID-19_Radiography_Dataset/Lung_Opacity/images/Lung_Opacity-1263.png,Lung_Opacity
/Users/theodaguier/Developer/Projects/School/COVID_19/data/COVID-19_Radiography_Dataset/Lung_Opacity/images/Lung_Opacity-5005.png,Lung_Opacity
/Users/theodaguier/Developer/Projects/School/COVID_19/data/COVID-19_Radiography_Dataset/Lung_Opacity/images/Lung_Opacity-3474.png,Lung_Opacity
/Users/theodaguier/Developer/Projects/School/COVID_19/data/COVID-19_Radiography_Dataset/Lung_Opacity/images/Lung_Opacity-4694.png,Lung_Opacity
/Users/theodaguier/Developer/Projects/School/COVID_19/data/COVID-19_Radiography_Dataset/Lung_Opacity/images/Lung_Opacity-1934.png,Lung_Opacity
/Users/theodaguier/Developer/Projects/School/COVID_19/data/COVID-19_Radiography_Dataset/Lung_Opacity/images/Lung_Opacity-2583.png,Lung_Opacity
/Users/theodaguier/Developer/Projects/School/COVID_19/data/COVID-19_Radiography_Dataset/Lung_Opacity/images/Lung_Opacity-3845.png,Lung_Opacity
/Users/theodaguier/Developer/Projects/School/COVID_19/data/COVID-19_Radiography_Dataset/Lung_Opacity/images/Lung_Opacity-2597.png,Lung_Opacity
/Users/theodaguier/Developer/Projects/School/COVID_19/data/COVID-19_Radiography_Dataset/Lung_Opacity/images/Lung_Opacity-3851.png,Lung_Opacity
/Users/theodaguier/Developer/Projects/School/COVID_19/data/COVID-19_Radiography_Dataset/Lung_Opacity/images/Lung_Opacity-3689.png,Lung_Opacity
/Users/theodaguier/Developer/Projects/School/COVID_19/data/COVID-19_Radiography_Dataset/Lung_Opacity/images/Lung_Opacity-869.png,Lung_Opacity
/Users/theodaguier/Developer/Projects/School/COVID_19/data/COVID-19_Radiography_Dataset/Lung_Opacity/images/Lung_Opacity-1920.png,Lung_Opacity
/Users/theodaguier/Developer/Projects/School/COVID_19/data/COVID-19_Radiography_Dataset/Lung_Opacity/images/Lung_Opacity-4680.png,Lung_Opacity
/Users/theodaguier/Developer/Projects/School/COVID_19/data/COVID-19_Radiography_Dataset/Lung_Opacity/images/Lung_Opacity-4858.png,Lung_Opacity
/Users/theodaguier/Developer/Projects/School/COVID_19/data/COVID-19_Radiography_Dataset/Lung_Opacity/images/Lung_Opacity-841.png,Lung_Opacity
/Users/theodaguier/Developer/Projects/School/COVID_19/data/COVID-19_Radiography_Dataset/Lung_Opacity/images/Lung_Opacity-699.png,Lung_Opacity
/Users/theodaguier/Developer/Projects/School/COVID_19/data/COVID-19_Radiography_Dataset/Lung_Opacity/images/Lung_Opacity-1908.png,Lung_Opacity
/Users/theodaguier/Developer/Projects/School/COVID_19/data/COVID-19_Radiography_Dataset/Lung_Opacity/images/Lung_Opacity-4870.png,Lung_Opacity
/Users/theodaguier/Developer/Projects/School/COVID_19/data/COVID-19_Radiography_Dataset/Lung_Opacity/images/Lung_Opacity-3879.png,Lung_Opacity
/Users/theodaguier/Developer/Projects/School/COVID_19/data/COVID-19_Radiography_Dataset/Lung_Opacity/images/Lung_Opacity-4864.png,Lung_Opacity
/Users/theodaguier/Developer/Projects/School/COVID_19/data/COVID-19_Radiography_Dataset/Lung_Opacity/images/Lung_Opacity-855.png,Lung_Opacity
/Users/theodaguier/Developer/Projects/School/COVID_19/data/COVID-19_Radiography_Dataset/Normal/images/Normal-6196.png,Normal
/Users/theodaguier/Developer/Projects/School/COVID_19/data/COVID-19_Radiography_Dataset/Normal/images/Normal-7288.png,Normal
/Users/theodaguier/Developer/Projects/School/COVID_19/data/COVID-19_Radiography_Dataset/Normal/images/Normal-1821.png,Normal
/Users/theodaguier/Developer/Projects/School/COVID_19/data/COVID-19_Radiography_Dataset/Normal/images/Normal-4781.png,Normal
/Users/theodaguier/Developer/Projects/School/COVID_19/data/COVID-19_Radiography_Dataset/Normal/images/Normal-4959.png,Normal
/Users/theodaguier/Developer/Projects/School/COVID_19/data/COVID-19_Radiography_Dataset/Normal/images/Normal-2496.png,Normal
/Users/theodaguier/Developer/Projects/School/COVID_19/data/COVID-19_Radiography_Dataset/Normal/images/Normal-3950.png,Normal
/Users/theodaguier/Developer/Projects/School/COVID_19/data/COVID-19_Radiography_Dataset/Normal/images/Normal-3788.png,Normal
/Users/theodaguier/Developer/Projects/School/COVID_19/data/COVID-19_Radiography_Dataset/Normal/images/Normal-6828.png,Normal
/Users/theodaguier/Developer/Projects/School/COVID_19/data/COVID-19_Radiography_Dataset/Normal/images/Normal-788.png,Normal
/Users/theodaguier/Developer/Projects/School/COVID_19/data/COVID-19_Radiography_Dataset/Normal/images/Normal-950.png,Normal
/Users/theodaguier/Developer/Projects/School/COVID_19/data/COVID-19_Radiography_Dataset/Normal/images/Normal-8805.png,Normal
/Users/theodaguier/Developer/Projects/School/COVID_19/data/COVID-19_Radiography_Dataset/Normal/images/Normal-944.png,Normal
/Users/theodaguier/Developer/Projects/School/COVID_19/data/COVID-19_Radiography_Dataset/Normal/images/Normal-8811.png,Normal
/Users/theodaguier/Developer/Projects/School/COVID_19/data/COVID-19_Radiography_Dataset/Normal/images/Normal-2482.png,Normal
/Users/theodaguier/Developer/Projects/School/COVID_19/data/COVID-19_Radiography_Dataset/Normal/images/Normal-3944.png,Normal
/Users/theodaguier/Developer/Projects/School/COVID_19/data/COVID-19_Radiography_Dataset/Normal/images/Normal-4795.png,Normal
/Users/theodaguier/Developer/Projects/School/COVID_19/data/COVID-19_Radiography_Dataset/Normal/images/Normal-6182.png,Normal
/Users/theodaguier/Developer/Projects/School/COVID_19/data/COVID-19_Radiography_Dataset/Normal/images/Normal-1835.png,Normal
/Users/theodaguier/Developer/Projects/School/COVID_19/data/COVID-19_Radiography_Dataset/Normal/images/Normal-4965.png,Normal
/Users/theodaguier/Developer/Projects/School/COVID_19/data/COVID-19_Radiography_Dataset/Normal/images/Normal-9299.png,Normal
/Users/theodaguier/Developer/Projects/School/COVID_19/data/COVID-19_Radiography_Dataset/Normal/images/Normal-8187.png,Normal
/Users/theodaguier/Developer/Projects/School/COVID_19/data/COVID-19_Radiography_Dataset/Normal/images/Normal-6814.png,Normal
/Users/theodaguier/Developer/Projects/School/COVID_19/data/COVID-19_Radiography_Dataset/Normal/images/Normal-8839.png,Normal
/Users/theodaguier/Developer/Projects/School/COVID_19/data/COVID-19_Radiography_Dataset/Normal/images/Normal-3978.png,Normal
/Users/theodaguier/Developer/Projects/School/COVID_19/data/COVID-19_Radiography_Dataset/Normal/images/Normal-6800.png,Normal
/Users/theodaguier/Developer/Projects/School/COVID_19/data/COVID-19_Radiography_Dataset/Normal/images/Normal-978.png,Normal
/Users/theodaguier/Developer/Projects/School/COVID_19/data/COVID-19_Radiography_Dataset/Normal/images/Normal-8193.png,Normal
/Users/theodaguier/Developer/Projects/School/COVID_19/data/COVID-19_Radiography_Dataset/Normal/images/Normal-1809.png,Normal
/Users/theodaguier/Developer/Projects/School/COVID_19/data/COVID-19_Radiography_Dataset/Normal/images/Normal-4971.png,Normal
/Users/theodaguier/Developer/Projects/School/COVID_19/data/COVID-19_Radiography_Dataset/Normal/images/Normal-2333.png,Normal
/Users/theodaguier/Developer/Projects/School/COVID_19/data/COVID-19_Radiography_Dataset/Normal/images/Normal-4742.png,Normal
/Users/theodaguier/Developer/Projects/School/COVID_19/data/COVID-19_Radiography_Dataset/Normal/images/Normal-8178.png,Normal
/Users/theodaguier/Developer/Projects/School/COVID_19/data/COVID-19_Radiography_Dataset/Normal/images/Normal-9.png,Normal
/Users/theodaguier/Developer/Projects/School/COVID_19/data/COVID-19_Radiography_Dataset/Normal/images/Normal-6155.png,Normal
/Users/theodaguier/Developer/Projects/School/COVID_19/data/COVID-19_Radiography_Dataset/Normal/images/Normal-9266.png,Normal
/Users/theodaguier/Developer/Projects/School/COVID_19/data/COVID-19_Radiography_Dataset/Normal/images/Normal-6633.png,Normal
/Users/theodaguier/Developer/Projects/School/COVID_19/data/COVID-19_Radiography_Dataset/Normal/images/Normal-993.png,Normal
/Users/theodaguier/Developer/Projects/School/COVID_19/data/COVID-19_Radiography_Dataset/Normal/images/Normal-9500.png,Normal
/Users/theodaguier/Developer/Projects/School/COVID_19/data/COVID-19_Radiography_Dataset/Normal/images/Normal-4024.png,Normal
/Users/theodaguier/Developer/Projects/School/COVID_19/data/COVID-19_Radiography_Dataset/Normal/images/Normal-2455.png,Normal
/Users/theodaguier/Developer/Projects/School/COVID_19/data/COVID-19_Radiography_Dataset/Normal/images/Normal-3993.png,Normal
/Users/theodaguier/Developer/Projects/School/COVID_19/data/COVID-19_Radiography_Dataset/Normal/images/Normal-4030.png,Normal
/Users/theodaguier/Developer/Projects/School/COVID_19/data/COVID-19_Radiography_Dataset/Normal/images/Normal-2441.png,Normal
/Users/theodaguier/Developer/Projects/School/COVID_19/data/COVID-19_Radiography_Dataset/Normal/images/Normal-3987.png,Normal
/Users/theodaguier/Developer/Projects/School/COVID_19/data/COVID-19_Radiography_Dataset/Normal/images/Normal-6627.png,Normal
/Users/theodaguier/Developer/Projects/School/COVID_19/data/COVID-19_Radiography_Dataset/Normal/images/Normal-9514.png,Normal
/Users/theodaguier/Developer/Projects/School/COVID_19/data/COVID-19_Radiography_Dataset/Normal/images/Normal-987.png,Normal
/Users/theodaguier/Developer/Projects/School/COVID_19/data/COVID-19_Radiography_Dataset/Normal/images/Normal-1148.png,Normal
/Users/theodaguier/Developer/Projects/School/COVID_19/data/COVID-19_Radiography_Dataset/Normal/images/Normal-7539.png,Normal
/Users/theodaguier/Developer/Projects/School/COVID_19/data/COVID-19_Radiography_Dataset/Normal/images/Normal-6141.png,Normal
/Users/theodaguier/Developer/Projects/School/COVID_19/data/COVID-19_Radiography_Dataset/Normal/images/Normal-9272.png,Normal
/Users/theodaguier/Developer/Projects/School/COVID_19/data/COVID-19_Radiography_Dataset/Normal/images/Normal-10059.png,Normal
/Users/theodaguier/Developer/Projects/School/COVID_19/data/COVID-19_Radiography_Dataset/Normal/images/Normal-5448.png,Normal
/Users/theodaguier/Developer/Projects/School/COVID_19/data/COVID-19_Radiography_Dataset/Normal/images/Normal-2327.png,Normal
/Users/theodaguier/Developer/Projects/School/COVID_19/data/COVID-19_Radiography_Dataset/Normal/images/Normal-3039.png,Normal
/Users/theodaguier/Developer/Projects/School/COVID_19/data/COVID-19_Radiography_Dataset/Normal/images/Normal-4756.png,Normal
/Users/theodaguier/Developer/Projects/School/COVID_19/data/COVID-19_Radiography_Dataset/Normal/images/Normal-8144.png,Normal
/Users/theodaguier/Developer/Projects/School/COVID_19/data/COVID-19_Radiography_Dataset/Normal/images/Normal-7277.png,Normal
/Users/theodaguier/Developer/Projects/School/COVID_19/data/COVID-19_Radiography_Dataset/Normal/images/Normal-1606.png,Normal
/Users/theodaguier/Developer/Projects/School/COVID_19/data/COVID-19_Radiography_Dataset/Normal/images/Normal-6169.png,Normal
/Users/theodaguier/Developer/Projects/School/COVID_19/data/COVID-19_Radiography_Dataset/Normal/images/Normal-5460.png,Normal
/Users/theodaguier/Developer/Projects/School/COVID_19/data/COVID-19_Radiography_Dataset/Normal/images/Normal-10071.png,Normal
/Users/theodaguier/Developer/Projects/School/COVID_19/data/COVID-19_Radiography_Dataset/Normal/images/Normal-3011.png,Normal
/Users/theodaguier/Developer/Projects/School/COVID_19/data/COVID-19_Radiography_Dataset/Normal/images/Normal-4018.png,Normal
/Users/theodaguier/Developer/Projects/School/COVID_19/data/COVID-19_Radiography_Dataset/Normal/images/Normal-3777.png,Normal
/Users/theodaguier/Developer/Projects/School/COVID_19/data/COVID-19_Radiography_Dataset/Normal/images/Normal-2469.png,Normal
/Users/theodaguier/Developer/Projects/School/COVID_19/data/COVID-19_Radiography_Dataset/Normal/images/Normal-5306.png,Normal
/Users/theodaguier/Developer/Projects/School/COVID_19/data/COVID-19_Radiography_Dataset/Normal/images/Normal-1160.png,Normal
/Users/theodaguier/Developer/Projects/School/COVID_19/data/COVID-19_Radiography_Dataset/Normal/images/Normal-777.png,Normal
/Users/theodaguier/Developer/Projects/School/COVID_19/data/COVID-19_Radiography_Dataset/Normal/images/Normal-8622.png,Normal
/Users/theodaguier/Developer/Projects/School/COVID_19/data/COVID-19_Radiography_Dataset/Normal/images/Normal-7511.png,Normal
/Users/theodaguier/Developer/Projects/School/COVID_19/data/COVID-19_Radiography_Dataset/Normal/images/Normal-9528.png,Normal
/Users/theodaguier/Developer/Projects/School/COVID_19/data/COVID-19_Radiography_Dataset/Normal/images/Normal-1174.png,Normal
/Users/theodaguier/Developer/Projects/School/COVID_19/data/COVID-19_Radiography_Dataset/Normal/images/Normal-763.png,Normal
/Users/theodaguier/Developer/Projects/School/COVID_19/data/COVID-19_Radiography_Dataset/Normal/images/Normal-8636.png,Normal
/Users/theodaguier/Developer/Projects/School/COVID_19/data/COVID-19_Radiography_Dataset/Normal/images/Normal-7505.png,Normal
/Users/theodaguier/Developer/Projects/School/COVID_19/data/COVID-19_Radiography_Dataset/Normal/images/Normal-3763.png,Normal
/Users/theodaguier/Developer/Projects/School/COVID_19/data/COVID-19_Radiography_Dataset/Normal/images/Normal-5312.png,Normal
/Users/theodaguier/Developer/Projects/School/COVID_19/data/COVID-19_Radiography_Dataset/Normal/images/Normal-5474.png,Normal
/Users/theodaguier/Developer/Projects/School/COVID_19/data/COVID-19_Radiography_Dataset/Normal/images/Normal-10065.png,Normal
/Users/theodaguier/Developer/Projects/School/COVID_19/data/COVID-19_Radiography_Dataset/Normal/images/Normal-3005.png,Normal
/Users/theodaguier/Developer/Projects/School/COVID_19/data/COVID-19_Radiography_Dataset/Normal/images/Normal-8150.png,Normal
/Users/theodaguier/Developer/Projects/School/COVID_19/data/COVID-19_Radiography_Dataset/Normal/images/Normal-7263.png,Normal
/Users/theodaguier/Developer/Projects/School/COVID_19/data/COVID-19_Radiography_Dataset/Normal/images/Normal-1612.png,Normal
/Users/theodaguier/Developer/Projects/School/COVID_19/data/COVID-19_Radiography_Dataset/Normal/images/Normal-7934.png,Normal
/Users/theodaguier/Developer/Projects/School/COVID_19/data/COVID-19_Radiography_Dataset/Normal/images/Normal-9919.png,Normal
/Users/theodaguier/Developer/Projects/School/COVID_19/data/COVID-19_Radiography_Dataset/Normal/images/Normal-2694.png,Normal
/Users/theodaguier/Developer/Projects/School/COVID_19/data/COVID-19_Radiography_Dataset/Normal/images/Normal-4583.png,Normal
/Users/theodaguier/Developer/Projects/School/COVID_19/data/COVID-19_Radiography_Dataset/Normal/images/Normal-12.png,Normal
/Users/theodaguier/Developer/Projects/School/COVID_19/data/COVID-19_Radiography_Dataset/Normal/images/Normal-5845.png,Normal
/Users/theodaguier/Developer/Projects/School/COVID_19/data/COVID-19_Radiography_Dataset/Normal/images/Normal-6394.png,Normal
/Users/theodaguier/Developer/Projects/School/COVID_19/data/COVID-19_Radiography_Dataset/Normal/images/Normal-6380.png,Normal
/Users/theodaguier/Developer/Projects/School/COVID_19/data/COVID-19_Radiography_Dataset/Normal/images/Normal-5689.png,Normal
/Users/theodaguier/Developer/Projects/School/COVID_19/data/COVID-19_Radiography_Dataset/Normal/images/Normal-4597.png,Normal
/Users/theodaguier/Developer/Projects/School/COVID_19/data/COVID-19_Radiography_Dataset/Normal/images/Normal-5851.png,Normal
/Users/theodaguier/Developer/Projects/School/COVID_19/data/COVID-19_Radiography_Dataset/Normal/images/Normal-2858.png,Normal
/Users/theodaguier/Developer/Projects/School/COVID_19/data/COVID-19_Radiography_Dataset/Normal/images/Normal-2680.png,Normal
/Users/theodaguier/Developer/Projects/School/COVID_19/data/COVID-19_Radiography_Dataset/Normal/images/Normal-1389.png,Normal
/Users/theodaguier/Developer/Projects/School/COVID_19/data/COVID-19_Radiography_Dataset/Normal/images/Normal-7920.png,Normal
/Users/theodaguier/Developer/Projects/School/COVID_19/data/COVID-19_Radiography_Dataset/Normal/images/Normal-2870.png,Normal
/Users/theodaguier/Developer/Projects/School/COVID_19/data/COVID-19_Radiography_Dataset/Normal/images/Normal-7908.png,Normal
/Users/theodaguier/Developer/Projects/School/COVID_19/data/COVID-19_Radiography_Dataset/Normal/images/Normal-9925.png,Normal
/Users/theodaguier/Developer/Projects/School/COVID_19/data/COVID-19_Radiography_Dataset/Normal/images/Normal-8385.png,Normal
/Users/theodaguier/Developer/Projects/School/COVID_19/data/COVID-19_Radiography_Dataset/Normal/images/Normal-5879.png,Normal
/Users/theodaguier/Developer/Projects/School/COVID_19/data/COVID-19_Radiography_Dataset/Normal/images/Normal-8391.png,Normal
/Users/theodaguier/Developer/Projects/School/COVID_19/data/COVID-19_Radiography_Dataset/Normal/images/Normal-9931.png,Normal
/Users/theodaguier/Developer/Projects/School/COVID_19/data/COVID-19_Radiography_Dataset/Normal/images/Normal-2864.png,Normal
/Users/theodaguier/Developer/Projects/School/COVID_19/data/COVID-19_Radiography_Dataset/Normal/images/Normal-5138.png,Normal
/Users/theodaguier/Developer/Projects/School/COVID_19/data/COVID-19_Radiography_Dataset/Normal/images/Normal-2657.png,Normal
/Users/theodaguier/Developer/Projects/School/COVID_19/data/COVID-19_Radiography_Dataset/Normal/images/Normal-3549.png,Normal
/Users/theodaguier/Developer/Projects/School/COVID_19/data/COVID-19_Radiography_Dataset/Normal/images/Normal-4226.png,Normal
/Users/theodaguier/Developer/Projects/School/COVID_19/data/COVID-19_Radiography_Dataset/Normal/images/Normal-549.png,Normal
/Users/theodaguier/Developer/Projects/School/COVID_19/data/COVID-19_Radiography_Dataset/Normal/images/Normal-9702.png,Normal
/Users/theodaguier/Developer/Projects/School/COVID_19/data/COVID-19_Radiography_Dataset/Normal/images/Normal-6431.png,Normal
/Users/theodaguier/Developer/Projects/School/COVID_19/data/COVID-19_Radiography_Dataset/Normal/images/Normal-9064.png,Normal
/Users/theodaguier/Developer/Projects/School/COVID_19/data/COVID-19_Radiography_Dataset/Normal/images/Normal-6357.png,Normal
/Users/theodaguier/Developer/Projects/School/COVID_19/data/COVID-19_Radiography_Dataset/Normal/images/Normal-1438.png,Normal
/Users/theodaguier/Developer/Projects/School/COVID_19/data/COVID-19_Radiography_Dataset/Normal/images/Normal-7049.png,Normal
/Users/theodaguier/Developer/Projects/School/COVID_19/data/COVID-19_Radiography_Dataset/Normal/images/Normal-4540.png,Normal
/Users/theodaguier/Developer/Projects/School/COVID_19/data/COVID-19_Radiography_Dataset/Normal/images/Normal-5886.png,Normal
/Users/theodaguier/Developer/Projects/School/COVID_19/data/COVID-19_Radiography_Dataset/Normal/images/Normal-2131.png,Normal
/Users/theodaguier/Developer/Projects/School/COVID_19/data/COVID-19_Radiography_Dataset/Normal/images/Normal-4554.png,Normal
/Users/theodaguier/Developer/Projects/School/COVID_19/data/COVID-19_Radiography_Dataset/Normal/images/Normal-5892.png,Normal
/Users/theodaguier/Developer/Projects/School/COVID_19/data/COVID-19_Radiography_Dataset/Normal/images/Normal-2125.png,Normal
/Users/theodaguier/Developer/Projects/School/COVID_19/data/COVID-19_Radiography_Dataset/Normal/images/Normal-9070.png,Normal
/Users/theodaguier/Developer/Projects/School/COVID_19/data/COVID-19_Radiography_Dataset/Normal/images/Normal-6343.png,Normal
/Users/theodaguier/Developer/Projects/School/COVID_19/data/COVID-19_Radiography_Dataset/Normal/images/Normal-8408.png,Normal
/Users/theodaguier/Developer/Projects/School/COVID_19/data/COVID-19_Radiography_Dataset/Normal/images/Normal-9716.png,Normal
/Users/theodaguier/Developer/Projects/School/COVID_19/data/COVID-19_Radiography_Dataset/Normal/images/Normal-6425.png,Normal
/Users/theodaguier/Developer/Projects/School/COVID_19/data/COVID-19_Radiography_Dataset/Normal/images/Normal-2643.png,Normal
/Users/theodaguier/Developer/Projects/School/COVID_19/data/COVID-19_Radiography_Dataset/Normal/images/Normal-4232.png,Normal
/Users/theodaguier/Developer/Projects/School/COVID_19/data/COVID-19_Radiography_Dataset/Normal/images/Normal-7713.png,Normal
/Users/theodaguier/Developer/Projects/School/COVID_19/data/COVID-19_Radiography_Dataset/Normal/images/Normal-8420.png,Normal
/Users/theodaguier/Developer/Projects/School/COVID_19/data/COVID-19_Radiography_Dataset/Normal/images/Normal-575.png,Normal
/Users/theodaguier/Developer/Projects/School/COVID_19/data/COVID-19_Radiography_Dataset/Normal/images/Normal-1362.png,Normal
/Users/theodaguier/Developer/Projects/School/COVID_19/data/COVID-19_Radiography_Dataset/Normal/images/Normal-5104.png,Normal
/Users/theodaguier/Developer/Projects/School/COVID_19/data/COVID-19_Radiography_Dataset/Normal/images/Normal-3575.png,Normal
/Users/theodaguier/Developer/Projects/School/COVID_19/data/COVID-19_Radiography_Dataset/Normal/images/Normal-3213.png,Normal
/Users/theodaguier/Developer/Projects/School/COVID_19/data/COVID-19_Radiography_Dataset/Normal/images/Normal-5662.png,Normal
/Users/theodaguier/Developer/Projects/School/COVID_19/data/COVID-19_Radiography_Dataset/Normal/images/Normal-9058.png,Normal
/Users/theodaguier/Developer/Projects/School/COVID_19/data/COVID-19_Radiography_Dataset/Normal/images/Normal-1404.png,Normal
/Users/theodaguier/Developer/Projects/School/COVID_19/data/COVID-19_Radiography_Dataset/Normal/images/Normal-213.png,Normal
/Users/theodaguier/Developer/Projects/School/COVID_19/data/COVID-19_Radiography_Dataset/Normal/images/Normal-7075.png,Normal
/Users/theodaguier/Developer/Projects/School/COVID_19/data/COVID-19_Radiography_Dataset/Normal/images/Normal-8346.png,Normal
/Users/theodaguier/Developer/Projects/School/COVID_19/data/COVID-19_Radiography_Dataset/Normal/images/Normal-1410.png,Normal
/Users/theodaguier/Developer/Projects/School/COVID_19/data/COVID-19_Radiography_Dataset/Normal/images/Normal-207.png,Normal
/Users/theodaguier/Developer/Projects/School/COVID_19/data/COVID-19_Radiography_Dataset/Normal/images/Normal-7061.png,Normal
/Users/theodaguier/Developer/Projects/School/COVID_19/data/COVID-19_Radiography_Dataset/Normal/images/Normal-8352.png,Normal
/Users/theodaguier/Developer/Projects/School/COVID_19/data/COVID-19_Radiography_Dataset/Normal/images/Normal-4568.png,Normal
/Users/theodaguier/Developer/Projects/School/COVID_19/data/COVID-19_Radiography_Dataset/Normal/images/Normal-3207.png,Normal
/Users/theodaguier/Developer/Projects/School/COVID_19/data/COVID-19_Radiography_Dataset/Normal/images/Normal-2119.png,Normal
/Users/theodaguier/Developer/Projects/School/COVID_19/data/COVID-19_Radiography_Dataset/Normal/images/Normal-5676.png,Normal
/Users/theodaguier/Developer/Projects/School/COVID_19/data/COVID-19_Radiography_Dataset/Normal/images/Normal-5110.png,Normal
/Users/theodaguier/Developer/Projects/School/COVID_19/data/COVID-19_Radiography_Dataset/Normal/images/Normal-3561.png,Normal
/Users/theodaguier/Developer/Projects/School/COVID_19/data/COVID-19_Radiography_Dataset/Normal/images/Normal-7707.png,Normal
/Users/theodaguier/Developer/Projects/School/COVID_19/data/COVID-19_Radiography_Dataset/Normal/images/Normal-8434.png,Normal
/Users/theodaguier/Developer/Projects/School/COVID_19/data/COVID-19_Radiography_Dataset/Normal/images/Normal-561.png,Normal
/Users/theodaguier/Developer/Projects/School/COVID_19/data/COVID-19_Radiography_Dataset/Normal/images/Normal-1376.png,Normal
/Users/theodaguier/Developer/Projects/School/COVID_19/data/COVID-19_Radiography_Dataset/Normal/images/Normal-6419.png,Normal
/Users/theodaguier/Developer/Projects/School/COVID_19/data/COVID-19_Radiography_Dataset/Normal/images/Normal-7698.png,Normal
/Users/theodaguier/Developer/Projects/School/COVID_19/data/COVID-19_Radiography_Dataset/Normal/images/Normal-6586.png,Normal
/Users/theodaguier/Developer/Projects/School/COVID_19/data/COVID-19_Radiography_Dataset/Normal/images/Normal-7840.png,Normal
/Users/theodaguier/Developer/Projects/School/COVID_19/data/COVID-19_Radiography_Dataset/Normal/images/Normal-4391.png,Normal
/Users/theodaguier/Developer/Projects/School/COVID_19/data/COVID-19_Radiography_Dataset/Normal/images/Normal-2938.png,Normal
/Users/theodaguier/Developer/Projects/School/COVID_19/data/COVID-19_Radiography_Dataset/Normal/images/Normal-5931.png,Normal
/Users/theodaguier/Developer/Projects/School/COVID_19/data/COVID-19_Radiography_Dataset/Normal/images/Normal-3398.png,Normal
/Users/theodaguier/Developer/Projects/School/COVID_19/data/COVID-19_Radiography_Dataset/Normal/images/Normal-2086.png,Normal
/Users/theodaguier/Developer/Projects/School/COVID_19/data/COVID-19_Radiography_Dataset/Normal/images/Normal-398.png,Normal
/Users/theodaguier/Developer/Projects/School/COVID_19/data/COVID-19_Radiography_Dataset/Normal/images/Normal-5925.png,Normal
/Users/theodaguier/Developer/Projects/School/COVID_19/data/COVID-19_Radiography_Dataset/Normal/images/Normal-2092.png,Normal
/Users/theodaguier/Developer/Projects/School/COVID_19/data/COVID-19_Radiography_Dataset/Normal/images/Normal-4385.png,Normal
/Users/theodaguier/Developer/Projects/School/COVID_19/data/COVID-19_Radiography_Dataset/Normal/images/Normal-9879.png,Normal
/Users/theodaguier/Developer/Projects/School/COVID_19/data/COVID-19_Radiography_Dataset/Normal/images/Normal-6592.png,Normal
/Users/theodaguier/Developer/Projects/School/COVID_19/data/COVID-19_Radiography_Dataset/Normal/images/Normal-7854.png,Normal
/Users/theodaguier/Developer/Projects/School/COVID_19/data/COVID-19_Radiography_Dataset/Normal/images/Normal-2904.png,Normal
/Users/theodaguier/Developer/Projects/School/COVID_19/data/COVID-19_Radiography_Dataset/Normal/images/Normal-9851.png,Normal
/Users/theodaguier/Developer/Projects/School/COVID_19/data/COVID-19_Radiography_Dataset/Normal/images/Normal-8597.png,Normal
/Users/theodaguier/Developer/Projects/School/COVID_19/data/COVID-19_Radiography_Dataset/Normal/images/Normal-9689.png,Normal
/Users/theodaguier/Developer/Projects/School/COVID_19/data/COVID-19_Radiography_Dataset/Normal/images/Normal-5919.png,Normal
/Users/theodaguier/Developer/Projects/School/COVID_19/data/COVID-19_Radiography_Dataset/Normal/images/Normal-9845.png,Normal
/Users/theodaguier/Developer/Projects/School/COVID_19/data/COVID-19_Radiography_Dataset/Normal/images/Normal-8583.png,Normal
/Users/theodaguier/Developer/Projects/School/COVID_19/data/COVID-19_Radiography_Dataset/Normal/images/Normal-7868.png,Normal
/Users/theodaguier/Developer/Projects/School/COVID_19/data/COVID-19_Radiography_Dataset/Normal/images/Normal-2910.png,Normal
/Users/theodaguier/Developer/Projects/School/COVID_19/data/COVID-19_Radiography_Dataset/Normal/images/Normal-4352.png,Normal
/Users/theodaguier/Developer/Projects/School/COVID_19/data/COVID-19_Radiography_Dataset/Normal/images/Normal-2723.png,Normal
/Users/theodaguier/Developer/Projects/School/COVID_19/data/COVID-19_Radiography_Dataset/Normal/images/Normal-9676.png,Normal
/Users/theodaguier/Developer/Projects/School/COVID_19/data/COVID-19_Radiography_Dataset/Normal/images/Normal-6545.png,Normal
/Users/theodaguier/Developer/Projects/School/COVID_19/data/COVID-19_Radiography_Dataset/Normal/images/Normal-7883.png,Normal
/Users/theodaguier/Developer/Projects/School/COVID_19/data/COVID-19_Radiography_Dataset/Normal/images/Normal-8568.png,Normal
/Users/theodaguier/Developer/Projects/School/COVID_19/data/COVID-19_Radiography_Dataset/Normal/images/Normal-9110.png,Normal
/Users/theodaguier/Developer/Projects/School/COVID_19/data/COVID-19_Radiography_Dataset/Normal/images/Normal-6223.png,Normal
/Users/theodaguier/Developer/Projects/School/COVID_19/data/COVID-19_Radiography_Dataset/Normal/images/Normal-2045.png,Normal
/Users/theodaguier/Developer/Projects/School/COVID_19/data/COVID-19_Radiography_Dataset/Normal/images/Normal-4434.png,Normal
/Users/theodaguier/Developer/Projects/School/COVID_19/data/COVID-19_Radiography_Dataset/Normal/images/Normal-2051.png,Normal
/Users/theodaguier/Developer/Projects/School/COVID_19/data/COVID-19_Radiography_Dataset/Normal/images/Normal-4420.png,Normal
/Users/theodaguier/Developer/Projects/School/COVID_19/data/COVID-19_Radiography_Dataset/Normal/images/Normal-7129.png,Normal
/Users/theodaguier/Developer/Projects/School/COVID_19/data/COVID-19_Radiography_Dataset/Normal/images/Normal-1558.png,Normal
/Users/theodaguier/Developer/Projects/School/COVID_19/data/COVID-19_Radiography_Dataset/Normal/images/Normal-9104.png,Normal
/Users/theodaguier/Developer/Projects/School/COVID_19/data/COVID-19_Radiography_Dataset/Normal/images/Normal-6237.png,Normal
/Users/theodaguier/Developer/Projects/School/COVID_19/data/COVID-19_Radiography_Dataset/Normal/images/Normal-9662.png,Normal
/Users/theodaguier/Developer/Projects/School/COVID_19/data/COVID-19_Radiography_Dataset/Normal/images/Normal-6551.png,Normal
/Users/theodaguier/Developer/Projects/School/COVID_19/data/COVID-19_Radiography_Dataset/Normal/images/Normal-7897.png,Normal
/Users/theodaguier/Developer/Projects/School/COVID_19/data/COVID-19_Radiography_Dataset/Normal/images/Normal-429.png,Normal
/Users/theodaguier/Developer/Projects/School/COVID_19/data/COVID-19_Radiography_Dataset/Normal/images/Normal-4346.png,Normal
/Users/theodaguier/Developer/Projects/School/COVID_19/data/COVID-19_Radiography_Dataset/Normal/images/Normal-3429.png,Normal
/Users/theodaguier/Developer/Projects/School/COVID_19/data/COVID-19_Radiography_Dataset/Normal/images/Normal-2737.png,Normal
/Users/theodaguier/Developer/Projects/School/COVID_19/data/COVID-19_Radiography_Dataset/Normal/images/Normal-5058.png,Normal
/Users/theodaguier/Developer/Projects/School/COVID_19/data/COVID-19_Radiography_Dataset/Normal/images/Normal-6579.png,Normal
/Users/theodaguier/Developer/Projects/School/COVID_19/data/COVID-19_Radiography_Dataset/Normal/images/Normal-1216.png,Normal
/Users/theodaguier/Developer/Projects/School/COVID_19/data/COVID-19_Radiography_Dataset/Normal/images/Normal-401.png,Normal
/Users/theodaguier/Developer/Projects/School/COVID_19/data/COVID-19_Radiography_Dataset/Normal/images/Normal-9892.png,Normal
/Users/theodaguier/Developer/Projects/School/COVID_19/data/COVID-19_Radiography_Dataset/Normal/images/Normal-7667.png,Normal
/Users/theodaguier/Developer/Projects/School/COVID_19/data/COVID-19_Radiography_Dataset/Normal/images/Normal-8554.png,Normal
/Users/theodaguier/Developer/Projects/School/COVID_19/data/COVID-19_Radiography_Dataset/Normal/images/Normal-3401.png,Normal
/Users/theodaguier/Developer/Projects/School/COVID_19/data/COVID-19_Radiography_Dataset/Normal/images/Normal-5070.png,Normal
/Users/theodaguier/Developer/Projects/School/COVID_19/data/COVID-19_Radiography_Dataset/Normal/images/Normal-5716.png,Normal
/Users/theodaguier/Developer/Projects/School/COVID_19/data/COVID-19_Radiography_Dataset/Normal/images/Normal-2079.png,Normal
/Users/theodaguier/Developer/Projects/School/COVID_19/data/COVID-19_Radiography_Dataset/Normal/images/Normal-3367.png,Normal
/Users/theodaguier/Developer/Projects/School/COVID_19/data/COVID-19_Radiography_Dataset/Normal/images/Normal-4408.png,Normal
/Users/theodaguier/Developer/Projects/School/COVID_19/data/COVID-19_Radiography_Dataset/Normal/images/Normal-7101.png,Normal
/Users/theodaguier/Developer/Projects/School/COVID_19/data/COVID-19_Radiography_Dataset/Normal/images/Normal-8232.png,Normal
/Users/theodaguier/Developer/Projects/School/COVID_19/data/COVID-19_Radiography_Dataset/Normal/images/Normal-367.png,Normal
/Users/theodaguier/Developer/Projects/School/COVID_19/data/COVID-19_Radiography_Dataset/Normal/images/Normal-1570.png,Normal
/Users/theodaguier/Developer/Projects/School/COVID_19/data/COVID-19_Radiography_Dataset/Normal/images/Normal-7115.png,Normal
/Users/theodaguier/Developer/Projects/School/COVID_19/data/COVID-19_Radiography_Dataset/Normal/images/Normal-8226.png,Normal
/Users/theodaguier/Developer/Projects/School/COVID_19/data/COVID-19_Radiography_Dataset/Normal/images/Normal-373.png,Normal
/Users/theodaguier/Developer/Projects/School/COVID_19/data/COVID-19_Radiography_Dataset/Normal/images/Normal-1564.png,Normal
/Users/theodaguier/Developer/Projects/School/COVID_19/data/COVID-19_Radiography_Dataset/Normal/images/Normal-9138.png,Normal
/Users/theodaguier/Developer/Projects/School/COVID_19/data/COVID-19_Radiography_Dataset/Normal/images/Normal-5702.png,Normal
/Users/theodaguier/Developer/Projects/School/COVID_19/data/COVID-19_Radiography_Dataset/Normal/images/Normal-3373.png,Normal
/Users/theodaguier/Developer/Projects/School/COVID_19/data/COVID-19_Radiography_Dataset/Normal/images/Normal-3415.png,Normal
/Users/theodaguier/Developer/Projects/School/COVID_19/data/COVID-19_Radiography_Dataset/Normal/images/Normal-5064.png,Normal
/Users/theodaguier/Developer/Projects/School/COVID_19/data/COVID-19_Radiography_Dataset/Normal/images/Normal-1202.png,Normal
/Users/theodaguier/Developer/Projects/School/COVID_19/data/COVID-19_Radiography_Dataset/Normal/images/Normal-9886.png,Normal
/Users/theodaguier/Developer/Projects/School/COVID_19/data/COVID-19_Radiography_Dataset/Normal/images/Normal-415.png,Normal
/Users/theodaguier/Developer/Projects/School/COVID_19/data/COVID-19_Radiography_Dataset/Normal/images/Normal-7673.png,Normal
/Users/theodaguier/Developer/Projects/School/COVID_19/data/COVID-19_Radiography_Dataset/Normal/images/Normal-8540.png,Normal
/Users/theodaguier/Developer/Projects/School/COVID_19/data/COVID-19_Radiography_Dataset/Normal/images/Normal-1955.png,Normal
/Users/theodaguier/Developer/Projects/School/COVID_19/data/COVID-19_Radiography_Dataset/Normal/images/Normal-2284.png,Normal
/Users/theodaguier/Developer/Projects/School/COVID_19/data/COVID-19_Radiography_Dataset/Normal/images/Normal-4193.png,Normal
/Users/theodaguier/Developer/Projects/School/COVID_19/data/COVID-19_Radiography_Dataset/Normal/images/Normal-3824.png,Normal
/Users/theodaguier/Developer/Projects/School/COVID_19/data/COVID-19_Radiography_Dataset/Normal/images/Normal-8971.png,Normal
/Users/theodaguier/Developer/Projects/School/COVID_19/data/COVID-19_Radiography_Dataset/Normal/images/Normal-6784.png,Normal
/Users/theodaguier/Developer/Projects/School/COVID_19/data/COVID-19_Radiography_Dataset/Normal/images/Normal-824.png,Normal
/Users/theodaguier/Developer/Projects/School/COVID_19/data/COVID-19_Radiography_Dataset/Normal/images/Normal-8965.png,Normal
/Users/theodaguier/Developer/Projects/School/COVID_19/data/COVID-19_Radiography_Dataset/Normal/images/Normal-6790.png,Normal
/Users/theodaguier/Developer/Projects/School/COVID_19/data/COVID-19_Radiography_Dataset/Normal/images/Normal-830.png,Normal
/Users/theodaguier/Developer/Projects/School/COVID_19/data/COVID-19_Radiography_Dataset/Normal/images/Normal-6948.png,Normal
/Users/theodaguier/Developer/Projects/School/COVID_19/data/COVID-19_Radiography_Dataset/Normal/images/Normal-4187.png,Normal
/Users/theodaguier/Developer/Projects/School/COVID_19/data/COVID-19_Radiography_Dataset/Normal/images/Normal-3830.png,Normal
/Users/theodaguier/Developer/Projects/School/COVID_19/data/COVID-19_Radiography_Dataset/Normal/images/Normal-5299.png,Normal
/Users/theodaguier/Developer/Projects/School/COVID_19/data/COVID-19_Radiography_Dataset/Normal/images/Normal-2290.png,Normal
/Users/theodaguier/Developer/Projects/School/COVID_19/data/COVID-19_Radiography_Dataset/Normal/images/Normal-4839.png,Normal
/Users/theodaguier/Developer/Projects/School/COVID_19/data/COVID-19_Radiography_Dataset/Normal/images/Normal-1941.png,Normal
/Users/theodaguier/Developer/Projects/School/COVID_19/data/COVID-19_Radiography_Dataset/Normal/images/Normal-1799.png,Normal
/Users/theodaguier/Developer/Projects/School/COVID_19/data/COVID-19_Radiography_Dataset/Normal/images/Normal-4811.png,Normal
/Users/theodaguier/Developer/Projects/School/COVID_19/data/COVID-19_Radiography_Dataset/Normal/images/Normal-1969.png,Normal
/Users/theodaguier/Developer/Projects/School/COVID_19/data/COVID-19_Radiography_Dataset/Normal/images/Normal-818.png,Normal
/Users/theodaguier/Developer/Projects/School/COVID_19/data/COVID-19_Radiography_Dataset/Normal/images/Normal-8795.png,Normal
/Users/theodaguier/Developer/Projects/School/COVID_19/data/COVID-19_Radiography_Dataset/Normal/images/Normal-6960.png,Normal
/Users/theodaguier/Developer/Projects/School/COVID_19/data/COVID-19_Radiography_Dataset/Normal/images/Normal-3818.png,Normal
/Users/theodaguier/Developer/Projects/School/COVID_19/data/COVID-19_Radiography_Dataset/Normal/images/Normal-8959.png,Normal
/Users/theodaguier/Developer/Projects/School/COVID_19/data/COVID-19_Radiography_Dataset/Normal/images/Normal-8781.png,Normal
/Users/theodaguier/Developer/Projects/School/COVID_19/data/COVID-19_Radiography_Dataset/Normal/images/Normal-6974.png,Normal
/Users/theodaguier/Developer/Projects/School/COVID_19/data/COVID-19_Radiography_Dataset/Normal/images/Normal-4805.png,Normal
/Users/theodaguier/Developer/Projects/School/COVID_19/data/COVID-19_Radiography_Dataset/Normal/images/Normal-4636.png,Normal
/Users/theodaguier/Developer/Projects/School/COVID_19/data/COVID-19_Radiography_Dataset/Normal/images/Normal-3159.png,Normal
/Users/theodaguier/Developer/Projects/School/COVID_19/data/COVID-19_Radiography_Dataset/Normal/images/Normal-2247.png,Normal
/Users/theodaguier/Developer/Projects/School/COVID_19/data/COVID-19_Radiography_Dataset/Normal/images/Normal-10139.png,Normal
/Users/theodaguier/Developer/Projects/School/COVID_19/data/COVID-19_Radiography_Dataset/Normal/images/Normal-5528.png,Normal
/Users/theodaguier/Developer/Projects/School/COVID_19/data/COVID-19_Radiography_Dataset/Normal/images/Normal-6021.png,Normal
/Users/theodaguier/Developer/Projects/School/COVID_19/data/COVID-19_Radiography_Dataset/Normal/images/Normal-9312.png,Normal
/Users/theodaguier/Developer/Projects/School/COVID_19/data/COVID-19_Radiography_Dataset/Normal/images/Normal-159.png,Normal
/Users/theodaguier/Developer/Projects/School/COVID_19/data/COVID-19_Radiography_Dataset/Normal/images/Normal-1996.png,Normal
/Users/theodaguier/Developer/Projects/School/COVID_19/data/COVID-19_Radiography_Dataset/Normal/images/Normal-7459.png,Normal
/Users/theodaguier/Developer/Projects/School/COVID_19/data/COVID-19_Radiography_Dataset/Normal/images/Normal-1028.png,Normal
/Users/theodaguier/Developer/Projects/School/COVID_19/data/COVID-19_Radiography_Dataset/Normal/images/Normal-6747.png,Normal
/Users/theodaguier/Developer/Projects/School/COVID_19/data/COVID-19_Radiography_Dataset/Normal/images/Normal-9474.png,Normal
/Users/theodaguier/Developer/Projects/School/COVID_19/data/COVID-19_Radiography_Dataset/Normal/images/Normal-2521.png,Normal
/Users/theodaguier/Developer/Projects/School/COVID_19/data/COVID-19_Radiography_Dataset/Normal/images/Normal-4150.png,Normal
/Users/theodaguier/Developer/Projects/School/COVID_19/data/COVID-19_Radiography_Dataset/Normal/images/Normal-2535.png,Normal
/Users/theodaguier/Developer/Projects/School/COVID_19/data/COVID-19_Radiography_Dataset/Normal/images/Normal-4144.png,Normal
/Users/theodaguier/Developer/Projects/School/COVID_19/data/COVID-19_Radiography_Dataset/Normal/images/Normal-6753.png,Normal
/Users/theodaguier/Developer/Projects/School/COVID_19/data/COVID-19_Radiography_Dataset/Normal/images/Normal-9460.png,Normal
/Users/theodaguier/Developer/Projects/School/COVID_19/data/COVID-19_Radiography_Dataset/Normal/images/Normal-6035.png,Normal
/Users/theodaguier/Developer/Projects/School/COVID_19/data/COVID-19_Radiography_Dataset/Normal/images/Normal-9306.png,Normal
/Users/theodaguier/Developer/Projects/School/COVID_19/data/COVID-19_Radiography_Dataset/Normal/images/Normal-8018.png,Normal
/Users/theodaguier/Developer/Projects/School/COVID_19/data/COVID-19_Radiography_Dataset/Normal/images/Normal-1982.png,Normal
/Users/theodaguier/Developer/Projects/School/COVID_19/data/COVID-19_Radiography_Dataset/Normal/images/Normal-4622.png,Normal
/Users/theodaguier/Developer/Projects/School/COVID_19/data/COVID-19_Radiography_Dataset/Normal/images/Normal-2253.png,Normal
/Users/theodaguier/Developer/Projects/School/COVID_19/data/COVID-19_Radiography_Dataset/Normal/images/Normal-1772.png,Normal
/Users/theodaguier/Developer/Projects/School/COVID_19/data/COVID-19_Radiography_Dataset/Normal/images/Normal-165.png,Normal
/Users/theodaguier/Developer/Projects/School/COVID_19/data/COVID-19_Radiography_Dataset/Normal/images/Normal-8030.png,Normal
/Users/theodaguier/Developer/Projects/School/COVID_19/data/COVID-19_Radiography_Dataset/Normal/images/Normal-7303.png,Normal
/Users/theodaguier/Developer/Projects/School/COVID_19/data/COVID-19_Radiography_Dataset/Normal/images/Normal-3165.png,Normal
/Users/theodaguier/Developer/Projects/School/COVID_19/data/COVID-19_Radiography_Dataset/Normal/images/Normal-5514.png,Normal
/Users/theodaguier/Developer/Projects/School/COVID_19/data/COVID-19_Radiography_Dataset/Normal/images/Normal-10105.png,Normal
/Users/theodaguier/Developer/Projects/School/COVID_19/data/COVID-19_Radiography_Dataset/Normal/images/Normal-5272.png,Normal
/Users/theodaguier/Developer/Projects/School/COVID_19/data/COVID-19_Radiography_Dataset/Normal/images/Normal-3603.png,Normal
/Users/theodaguier/Developer/Projects/School/COVID_19/data/COVID-19_Radiography_Dataset/Normal/images/Normal-8756.png,Normal
/Users/theodaguier/Developer/Projects/School/COVID_19/data/COVID-19_Radiography_Dataset/Normal/images/Normal-7465.png,Normal
/Users/theodaguier/Developer/Projects/School/COVID_19/data/COVID-19_Radiography_Dataset/Normal/images/Normal-603.png,Normal
/Users/theodaguier/Developer/Projects/School/COVID_19/data/COVID-19_Radiography_Dataset/Normal/images/Normal-1014.png,Normal
/Users/theodaguier/Developer/Projects/School/COVID_19/data/COVID-19_Radiography_Dataset/Normal/images/Normal-9448.png,Normal
/Users/theodaguier/Developer/Projects/School/COVID_19/data/COVID-19_Radiography_Dataset/Normal/images/Normal-8742.png,Normal
/Users/theodaguier/Developer/Projects/School/COVID_19/data/COVID-19_Radiography_Dataset/Normal/images/Normal-7471.png,Normal
/Users/theodaguier/Developer/Projects/School/COVID_19/data/COVID-19_Radiography_Dataset/Normal/images/Normal-617.png,Normal
/Users/theodaguier/Developer/Projects/School/COVID_19/data/COVID-19_Radiography_Dataset/Normal/images/Normal-1000.png,Normal
/Users/theodaguier/Developer/Projects/School/COVID_19/data/COVID-19_Radiography_Dataset/Normal/images/Normal-5266.png,Normal
/Users/theodaguier/Developer/Projects/School/COVID_19/data/COVID-19_Radiography_Dataset/Normal/images/Normal-2509.png,Normal
/Users/theodaguier/Developer/Projects/School/COVID_19/data/COVID-19_Radiography_Dataset/Normal/images/Normal-3617.png,Normal
/Users/theodaguier/Developer/Projects/School/COVID_19/data/COVID-19_Radiography_Dataset/Normal/images/Normal-4178.png,Normal
/Users/theodaguier/Developer/Projects/School/COVID_19/data/COVID-19_Radiography_Dataset/Normal/images/Normal-3171.png,Normal
/Users/theodaguier/Developer/Projects/School/COVID_19/data/COVID-19_Radiography_Dataset/Normal/images/Normal-5500.png,Normal
/Users/theodaguier/Developer/Projects/School/COVID_19/data/COVID-19_Radiography_Dataset/Normal/images/Normal-10111.png,Normal
/Users/theodaguier/Developer/Projects/School/COVID_19/data/COVID-19_Radiography_Dataset/Normal/images/Normal-6009.png,Normal
/Users/theodaguier/Developer/Projects/School/COVID_19/data/COVID-19_Radiography_Dataset/Normal/images/Normal-1766.png,Normal
/Users/theodaguier/Developer/Projects/School/COVID_19/data/COVID-19_Radiography_Dataset/Normal/images/Normal-171.png,Normal
/Users/theodaguier/Developer/Projects/School/COVID_19/data/COVID-19_Radiography_Dataset/Normal/images/Normal-8024.png,Normal
/Users/theodaguier/Developer/Projects/School/COVID_19/data/COVID-19_Radiography_Dataset/Normal/images/Normal-7317.png,Normal
/Users/theodaguier/Developer/Projects/School/COVID_19/data/COVID-19_Radiography_Dataset/Normal/images/Normal-4179.png,Normal
/Users/theodaguier/Developer/Projects/School/COVID_19/data/COVID-19_Radiography_Dataset/Normal/images/Normal-3616.png,Normal
/Users/theodaguier/Developer/Projects/School/COVID_19/data/COVID-19_Radiography_Dataset/Normal/images/Normal-2508.png,Normal
/Users/theodaguier/Developer/Projects/School/COVID_19/data/COVID-19_Radiography_Dataset/Normal/images/Normal-5267.png,Normal
/Users/theodaguier/Developer/Projects/School/COVID_19/data/COVID-19_Radiography_Dataset/Normal/images/Normal-1001.png,Normal
/Users/theodaguier/Developer/Projects/School/COVID_19/data/COVID-19_Radiography_Dataset/Normal/images/Normal-616.png,Normal
/Users/theodaguier/Developer/Projects/School/COVID_19/data/COVID-19_Radiography_Dataset/Normal/images/Normal-7470.png,Normal
/Users/theodaguier/Developer/Projects/School/COVID_19/data/COVID-19_Radiography_Dataset/Normal/images/Normal-8743.png,Normal
/Users/theodaguier/Developer/Projects/School/COVID_19/data/COVID-19_Radiography_Dataset/Normal/images/Normal-7316.png,Normal
/Users/theodaguier/Developer/Projects/School/COVID_19/data/COVID-19_Radiography_Dataset/Normal/images/Normal-8025.png,Normal
/Users/theodaguier/Developer/Projects/School/COVID_19/data/COVID-19_Radiography_Dataset/Normal/images/Normal-170.png,Normal
/Users/theodaguier/Developer/Projects/School/COVID_19/data/COVID-19_Radiography_Dataset/Normal/images/Normal-1767.png,Normal
/Users/theodaguier/Developer/Projects/School/COVID_19/data/COVID-19_Radiography_Dataset/Normal/images/Normal-6008.png,Normal
/Users/theodaguier/Developer/Projects/School/COVID_19/data/COVID-19_Radiography_Dataset/Normal/images/Normal-10110.png,Normal
/Users/theodaguier/Developer/Projects/School/COVID_19/data/COVID-19_Radiography_Dataset/Normal/images/Normal-5501.png,Normal
/Users/theodaguier/Developer/Projects/School/COVID_19/data/COVID-19_Radiography_Dataset/Normal/images/Normal-3170.png,Normal
/Users/theodaguier/Developer/Projects/School/COVID_19/data/COVID-19_Radiography_Dataset/Normal/images/Normal-10104.png,Normal
/Users/theodaguier/Developer/Projects/School/COVID_19/data/COVID-19_Radiography_Dataset/Normal/images/Normal-5515.png,Normal
/Users/theodaguier/Developer/Projects/School/COVID_19/data/COVID-19_Radiography_Dataset/Normal/images/Normal-3164.png,Normal
/Users/theodaguier/Developer/Projects/School/COVID_19/data/COVID-19_Radiography_Dataset/Normal/images/Normal-7302.png,Normal
/Users/theodaguier/Developer/Projects/School/COVID_19/data/COVID-19_Radiography_Dataset/Normal/images/Normal-8031.png,Normal
/Users/theodaguier/Developer/Projects/School/COVID_19/data/COVID-19_Radiography_Dataset/Normal/images/Normal-164.png,Normal
/Users/theodaguier/Developer/Projects/School/COVID_19/data/COVID-19_Radiography_Dataset/Normal/images/Normal-1773.png,Normal
/Users/theodaguier/Developer/Projects/School/COVID_19/data/COVID-19_Radiography_Dataset/Normal/images/Normal-9449.png,Normal
/Users/theodaguier/Developer/Projects/School/COVID_19/data/COVID-19_Radiography_Dataset/Normal/images/Normal-1015.png,Normal
/Users/theodaguier/Developer/Projects/School/COVID_19/data/COVID-19_Radiography_Dataset/Normal/images/Normal-602.png,Normal
/Users/theodaguier/Developer/Projects/School/COVID_19/data/COVID-19_Radiography_Dataset/Normal/images/Normal-7464.png,Normal
/Users/theodaguier/Developer/Projects/School/COVID_19/data/COVID-19_Radiography_Dataset/Normal/images/Normal-8757.png,Normal
/Users/theodaguier/Developer/Projects/School/COVID_19/data/COVID-19_Radiography_Dataset/Normal/images/Normal-3602.png,Normal
/Users/theodaguier/Developer/Projects/School/COVID_19/data/COVID-19_Radiography_Dataset/Normal/images/Normal-5273.png,Normal
/Users/theodaguier/Developer/Projects/School/COVID_19/data/COVID-19_Radiography_Dataset/Normal/images/Normal-9461.png,Normal
/Users/theodaguier/Developer/Projects/School/COVID_19/data/COVID-19_Radiography_Dataset/Normal/images/Normal-6752.png,Normal
/Users/theodaguier/Developer/Projects/School/COVID_19/data/COVID-19_Radiography_Dataset/Normal/images/Normal-4145.png,Normal
/Users/theodaguier/Developer/Projects/School/COVID_19/data/COVID-19_Radiography_Dataset/Normal/images/Normal-2534.png,Normal
/Users/theodaguier/Developer/Projects/School/COVID_19/data/COVID-19_Radiography_Dataset/Normal/images/Normal-2252.png,Normal
/Users/theodaguier/Developer/Projects/School/COVID_19/data/COVID-19_Radiography_Dataset/Normal/images/Normal-4623.png,Normal
/Users/theodaguier/Developer/Projects/School/COVID_19/data/COVID-19_Radiography_Dataset/Normal/images/Normal-8019.png,Normal
/Users/theodaguier/Developer/Projects/School/COVID_19/data/COVID-19_Radiography_Dataset/Normal/images/Normal-1983.png,Normal
/Users/theodaguier/Developer/Projects/School/COVID_19/data/COVID-19_Radiography_Dataset/Normal/images/Normal-9307.png,Normal
/Users/theodaguier/Developer/Projects/School/COVID_19/data/COVID-19_Radiography_Dataset/Normal/images/Normal-6034.png,Normal
/Users/theodaguier/Developer/Projects/School/COVID_19/data/COVID-19_Radiography_Dataset/Normal/images/Normal-1997.png,Normal
/Users/theodaguier/Developer/Projects/School/COVID_19/data/COVID-19_Radiography_Dataset/Normal/images/Normal-158.png,Normal
/Users/theodaguier/Developer/Projects/School/COVID_19/data/COVID-19_Radiography_Dataset/Normal/images/Normal-9313.png,Normal
/Users/theodaguier/Developer/Projects/School/COVID_19/data/COVID-19_Radiography_Dataset/Normal/images/Normal-6020.png,Normal
/Users/theodaguier/Developer/Projects/School/COVID_19/data/COVID-19_Radiography_Dataset/Normal/images/Normal-5529.png,Normal
/Users/theodaguier/Developer/Projects/School/COVID_19/data/COVID-19_Radiography_Dataset/Normal/images/Normal-10138.png,Normal
/Users/theodaguier/Developer/Projects/School/COVID_19/data/COVID-19_Radiography_Dataset/Normal/images/Normal-2246.png,Normal
/Users/theodaguier/Developer/Projects/School/COVID_19/data/COVID-19_Radiography_Dataset/Normal/images/Normal-3158.png,Normal
/Users/theodaguier/Developer/Projects/School/COVID_19/data/COVID-19_Radiography_Dataset/Normal/images/Normal-4637.png,Normal
/Users/theodaguier/Developer/Projects/School/COVID_19/data/COVID-19_Radiography_Dataset/Normal/images/Normal-4151.png,Normal
/Users/theodaguier/Developer/Projects/School/COVID_19/data/COVID-19_Radiography_Dataset/Normal/images/Normal-2520.png,Normal
/Users/theodaguier/Developer/Projects/School/COVID_19/data/COVID-19_Radiography_Dataset/Normal/images/Normal-9475.png,Normal
/Users/theodaguier/Developer/Projects/School/COVID_19/data/COVID-19_Radiography_Dataset/Normal/images/Normal-6746.png,Normal
/Users/theodaguier/Developer/Projects/School/COVID_19/data/COVID-19_Radiography_Dataset/Normal/images/Normal-1029.png,Normal
/Users/theodaguier/Developer/Projects/School/COVID_19/data/COVID-19_Radiography_Dataset/Normal/images/Normal-7458.png,Normal
/Users/theodaguier/Developer/Projects/School/COVID_19/data/COVID-19_Radiography_Dataset/Normal/images/Normal-6975.png,Normal
/Users/theodaguier/Developer/Projects/School/COVID_19/data/COVID-19_Radiography_Dataset/Normal/images/Normal-8780.png,Normal
/Users/theodaguier/Developer/Projects/School/COVID_19/data/COVID-19_Radiography_Dataset/Normal/images/Normal-8958.png,Normal
/Users/theodaguier/Developer/Projects/School/COVID_19/data/COVID-19_Radiography_Dataset/Normal/images/Normal-4804.png,Normal
/Users/theodaguier/Developer/Projects/School/COVID_19/data/COVID-19_Radiography_Dataset/Normal/images/Normal-1968.png,Normal
/Users/theodaguier/Developer/Projects/School/COVID_19/data/COVID-19_Radiography_Dataset/Normal/images/Normal-4810.png,Normal
/Users/theodaguier/Developer/Projects/School/COVID_19/data/COVID-19_Radiography_Dataset/Normal/images/Normal-3819.png,Normal
/Users/theodaguier/Developer/Projects/School/COVID_19/data/COVID-19_Radiography_Dataset/Normal/images/Normal-6961.png,Normal
/Users/theodaguier/Developer/Projects/School/COVID_19/data/COVID-19_Radiography_Dataset/Normal/images/Normal-8794.png,Normal
/Users/theodaguier/Developer/Projects/School/COVID_19/data/COVID-19_Radiography_Dataset/Normal/images/Normal-819.png,Normal
/Users/theodaguier/Developer/Projects/School/COVID_19/data/COVID-19_Radiography_Dataset/Normal/images/Normal-5298.png,Normal
/Users/theodaguier/Developer/Projects/School/COVID_19/data/COVID-19_Radiography_Dataset/Normal/images/Normal-3831.png,Normal
/Users/theodaguier/Developer/Projects/School/COVID_19/data/COVID-19_Radiography_Dataset/Normal/images/Normal-4186.png,Normal
/Users/theodaguier/Developer/Projects/School/COVID_19/data/COVID-19_Radiography_Dataset/Normal/images/Normal-6949.png,Normal
/Users/theodaguier/Developer/Projects/School/COVID_19/data/COVID-19_Radiography_Dataset/Normal/images/Normal-831.png,Normal
/Users/theodaguier/Developer/Projects/School/COVID_19/data/COVID-19_Radiography_Dataset/Normal/images/Normal-6791.png,Normal
/Users/theodaguier/Developer/Projects/School/COVID_19/data/COVID-19_Radiography_Dataset/Normal/images/Normal-8964.png,Normal
/Users/theodaguier/Developer/Projects/School/COVID_19/data/COVID-19_Radiography_Dataset/Normal/images/Normal-1798.png,Normal
/Users/theodaguier/Developer/Projects/School/COVID_19/data/COVID-19_Radiography_Dataset/Normal/images/Normal-1940.png,Normal
/Users/theodaguier/Developer/Projects/School/COVID_19/data/COVID-19_Radiography_Dataset/Normal/images/Normal-4838.png,Normal
/Users/theodaguier/Developer/Projects/School/COVID_19/data/COVID-19_Radiography_Dataset/Normal/images/Normal-2291.png,Normal
/Users/theodaguier/Developer/Projects/School/COVID_19/data/COVID-19_Radiography_Dataset/Normal/images/Normal-2285.png,Normal
/Users/theodaguier/Developer/Projects/School/COVID_19/data/COVID-19_Radiography_Dataset/Normal/images/Normal-1954.png,Normal
/Users/theodaguier/Developer/Projects/School/COVID_19/data/COVID-19_Radiography_Dataset/Normal/images/Normal-825.png,Normal
/Users/theodaguier/Developer/Projects/School/COVID_19/data/COVID-19_Radiography_Dataset/Normal/images/Normal-6785.png,Normal
/Users/theodaguier/Developer/Projects/School/COVID_19/data/COVID-19_Radiography_Dataset/Normal/images/Normal-8970.png,Normal
/Users/theodaguier/Developer/Projects/School/COVID_19/data/COVID-19_Radiography_Dataset/Normal/images/Normal-3825.png,Normal
/Users/theodaguier/Developer/Projects/School/COVID_19/data/COVID-19_Radiography_Dataset/Normal/images/Normal-4192.png,Normal
/Users/theodaguier/Developer/Projects/School/COVID_19/data/COVID-19_Radiography_Dataset/Normal/images/Normal-3372.png,Normal
/Users/theodaguier/Developer/Projects/School/COVID_19/data/COVID-19_Radiography_Dataset/Normal/images/Normal-5703.png,Normal
/Users/theodaguier/Developer/Projects/School/COVID_19/data/COVID-19_Radiography_Dataset/Normal/images/Normal-9139.png,Normal
/Users/theodaguier/Developer/Projects/School/COVID_19/data/COVID-19_Radiography_Dataset/Normal/images/Normal-1565.png,Normal
/Users/theodaguier/Developer/Projects/School/COVID_19/data/COVID-19_Radiography_Dataset/Normal/images/Normal-372.png,Normal
/Users/theodaguier/Developer/Projects/School/COVID_19/data/COVID-19_Radiography_Dataset/Normal/images/Normal-8227.png,Normal
/Users/theodaguier/Developer/Projects/School/COVID_19/data/COVID-19_Radiography_Dataset/Normal/images/Normal-7114.png,Normal
/Users/theodaguier/Developer/Projects/School/COVID_19/data/COVID-19_Radiography_Dataset/Normal/images/Normal-8541.png,Normal
/Users/theodaguier/Developer/Projects/School/COVID_19/data/COVID-19_Radiography_Dataset/Normal/images/Normal-7672.png,Normal
/Users/theodaguier/Developer/Projects/School/COVID_19/data/COVID-19_Radiography_Dataset/Normal/images/Normal-414.png,Normal
/Users/theodaguier/Developer/Projects/School/COVID_19/data/COVID-19_Radiography_Dataset/Normal/images/Normal-9887.png,Normal
/Users/theodaguier/Developer/Projects/School/COVID_19/data/COVID-19_Radiography_Dataset/Normal/images/Normal-1203.png,Normal
/Users/theodaguier/Developer/Projects/School/COVID_19/data/COVID-19_Radiography_Dataset/Normal/images/Normal-5065.png,Normal
/Users/theodaguier/Developer/Projects/School/COVID_19/data/COVID-19_Radiography_Dataset/Normal/images/Normal-3414.png,Normal
/Users/theodaguier/Developer/Projects/School/COVID_19/data/COVID-19_Radiography_Dataset/Normal/images/Normal-5071.png,Normal
/Users/theodaguier/Developer/Projects/School/COVID_19/data/COVID-19_Radiography_Dataset/Normal/images/Normal-3400.png,Normal
/Users/theodaguier/Developer/Projects/School/COVID_19/data/COVID-19_Radiography_Dataset/Normal/images/Normal-8555.png,Normal
/Users/theodaguier/Developer/Projects/School/COVID_19/data/COVID-19_Radiography_Dataset/Normal/images/Normal-7666.png,Normal
/Users/theodaguier/Developer/Projects/School/COVID_19/data/COVID-19_Radiography_Dataset/Normal/images/Normal-9893.png,Normal
/Users/theodaguier/Developer/Projects/School/COVID_19/data/COVID-19_Radiography_Dataset/Normal/images/Normal-400.png,Normal
/Users/theodaguier/Developer/Projects/School/COVID_19/data/COVID-19_Radiography_Dataset/Normal/images/Normal-1217.png,Normal
/Users/theodaguier/Developer/Projects/School/COVID_19/data/COVID-19_Radiography_Dataset/Normal/images/Normal-6578.png,Normal
/Users/theodaguier/Developer/Projects/School/COVID_19/data/COVID-19_Radiography_Dataset/Normal/images/Normal-1571.png,Normal
/Users/theodaguier/Developer/Projects/School/COVID_19/data/COVID-19_Radiography_Dataset/Normal/images/Normal-366.png,Normal
/Users/theodaguier/Developer/Projects/School/COVID_19/data/COVID-19_Radiography_Dataset/Normal/images/Normal-8233.png,Normal
/Users/theodaguier/Developer/Projects/School/COVID_19/data/COVID-19_Radiography_Dataset/Normal/images/Normal-7100.png,Normal
/Users/theodaguier/Developer/Projects/School/COVID_19/data/COVID-19_Radiography_Dataset/Normal/images/Normal-4409.png,Normal
/Users/theodaguier/Developer/Projects/School/COVID_19/data/COVID-19_Radiography_Dataset/Normal/images/Normal-3366.png,Normal
/Users/theodaguier/Developer/Projects/School/COVID_19/data/COVID-19_Radiography_Dataset/Normal/images/Normal-2078.png,Normal
/Users/theodaguier/Developer/Projects/School/COVID_19/data/COVID-19_Radiography_Dataset/Normal/images/Normal-5717.png,Normal
/Users/theodaguier/Developer/Projects/School/COVID_19/data/COVID-19_Radiography_Dataset/Normal/images/Normal-6236.png,Normal
/Users/theodaguier/Developer/Projects/School/COVID_19/data/COVID-19_Radiography_Dataset/Normal/images/Normal-9105.png,Normal
/Users/theodaguier/Developer/Projects/School/COVID_19/data/COVID-19_Radiography_Dataset/Normal/images/Normal-1559.png,Normal
/Users/theodaguier/Developer/Projects/School/COVID_19/data/COVID-19_Radiography_Dataset/Normal/images/Normal-7128.png,Normal
/Users/theodaguier/Developer/Projects/School/COVID_19/data/COVID-19_Radiography_Dataset/Normal/images/Normal-4421.png,Normal
/Users/theodaguier/Developer/Projects/School/COVID_19/data/COVID-19_Radiography_Dataset/Normal/images/Normal-2050.png,Normal
/Users/theodaguier/Developer/Projects/School/COVID_19/data/COVID-19_Radiography_Dataset/Normal/images/Normal-5059.png,Normal
/Users/theodaguier/Developer/Projects/School/COVID_19/data/COVID-19_Radiography_Dataset/Normal/images/Normal-2736.png,Normal
/Users/theodaguier/Developer/Projects/School/COVID_19/data/COVID-19_Radiography_Dataset/Normal/images/Normal-3428.png,Normal
/Users/theodaguier/Developer/Projects/School/COVID_19/data/COVID-19_Radiography_Dataset/Normal/images/Normal-4347.png,Normal
/Users/theodaguier/Developer/Projects/School/COVID_19/data/COVID-19_Radiography_Dataset/Normal/images/Normal-428.png,Normal
/Users/theodaguier/Developer/Projects/School/COVID_19/data/COVID-19_Radiography_Dataset/Normal/images/Normal-7896.png,Normal
/Users/theodaguier/Developer/Projects/School/COVID_19/data/COVID-19_Radiography_Dataset/Normal/images/Normal-6550.png,Normal
/Users/theodaguier/Developer/Projects/School/COVID_19/data/COVID-19_Radiography_Dataset/Normal/images/Normal-9663.png,Normal
/Users/theodaguier/Developer/Projects/School/COVID_19/data/COVID-19_Radiography_Dataset/Normal/images/Normal-8569.png,Normal
/Users/theodaguier/Developer/Projects/School/COVID_19/data/COVID-19_Radiography_Dataset/Normal/images/Normal-7882.png,Normal
/Users/theodaguier/Developer/Projects/School/COVID_19/data/COVID-19_Radiography_Dataset/Normal/images/Normal-6544.png,Normal
/Users/theodaguier/Developer/Projects/School/COVID_19/data/COVID-19_Radiography_Dataset/Normal/images/Normal-9677.png,Normal
/Users/theodaguier/Developer/Projects/School/COVID_19/data/COVID-19_Radiography_Dataset/Normal/images/Normal-2722.png,Normal
/Users/theodaguier/Developer/Projects/School/COVID_19/data/COVID-19_Radiography_Dataset/Normal/images/Normal-4353.png,Normal
/Users/theodaguier/Developer/Projects/School/COVID_19/data/COVID-19_Radiography_Dataset/Normal/images/Normal-4435.png,Normal
/Users/theodaguier/Developer/Projects/School/COVID_19/data/COVID-19_Radiography_Dataset/Normal/images/Normal-2044.png,Normal
/Users/theodaguier/Developer/Projects/School/COVID_19/data/COVID-19_Radiography_Dataset/Normal/images/Normal-6222.png,Normal
/Users/theodaguier/Developer/Projects/School/COVID_19/data/COVID-19_Radiography_Dataset/Normal/images/Normal-9111.png,Normal
/Users/theodaguier/Developer/Projects/School/COVID_19/data/COVID-19_Radiography_Dataset/Normal/images/Normal-5918.png,Normal
/Users/theodaguier/Developer/Projects/School/COVID_19/data/COVID-19_Radiography_Dataset/Normal/images/Normal-2911.png,Normal
/Users/theodaguier/Developer/Projects/School/COVID_19/data/COVID-19_Radiography_Dataset/Normal/images/Normal-7869.png,Normal
/Users/theodaguier/Developer/Projects/School/COVID_19/data/COVID-19_Radiography_Dataset/Normal/images/Normal-8582.png,Normal
/Users/theodaguier/Developer/Projects/School/COVID_19/data/COVID-19_Radiography_Dataset/Normal/images/Normal-9844.png,Normal
/Users/theodaguier/Developer/Projects/School/COVID_19/data/COVID-19_Radiography_Dataset/Normal/images/Normal-9688.png,Normal
/Users/theodaguier/Developer/Projects/School/COVID_19/data/COVID-19_Radiography_Dataset/Normal/images/Normal-8596.png,Normal
/Users/theodaguier/Developer/Projects/School/COVID_19/data/COVID-19_Radiography_Dataset/Normal/images/Normal-9850.png,Normal
/Users/theodaguier/Developer/Projects/School/COVID_19/data/COVID-19_Radiography_Dataset/Normal/images/Normal-2905.png,Normal
/Users/theodaguier/Developer/Projects/School/COVID_19/data/COVID-19_Radiography_Dataset/Normal/images/Normal-2093.png,Normal
/Users/theodaguier/Developer/Projects/School/COVID_19/data/COVID-19_Radiography_Dataset/Normal/images/Normal-5924.png,Normal
/Users/theodaguier/Developer/Projects/School/COVID_19/data/COVID-19_Radiography_Dataset/Normal/images/Normal-7855.png,Normal
/Users/theodaguier/Developer/Projects/School/COVID_19/data/COVID-19_Radiography_Dataset/Normal/images/Normal-6593.png,Normal
/Users/theodaguier/Developer/Projects/School/COVID_19/data/COVID-19_Radiography_Dataset/Normal/images/Normal-9878.png,Normal
/Users/theodaguier/Developer/Projects/School/COVID_19/data/COVID-19_Radiography_Dataset/Normal/images/Normal-4384.png,Normal
/Users/theodaguier/Developer/Projects/School/COVID_19/data/COVID-19_Radiography_Dataset/Normal/images/Normal-2939.png,Normal
/Users/theodaguier/Developer/Projects/School/COVID_19/data/COVID-19_Radiography_Dataset/Normal/images/Normal-4390.png,Normal
/Users/theodaguier/Developer/Projects/School/COVID_19/data/COVID-19_Radiography_Dataset/Normal/images/Normal-7841.png,Normal
/Users/theodaguier/Developer/Projects/School/COVID_19/data/COVID-19_Radiography_Dataset/Normal/images/Normal-6587.png,Normal
/Users/theodaguier/Developer/Projects/School/COVID_19/data/COVID-19_Radiography_Dataset/Normal/images/Normal-7699.png,Normal
/Users/theodaguier/Developer/Projects/School/COVID_19/data/COVID-19_Radiography_Dataset/Normal/images/Normal-399.png,Normal
/Users/theodaguier/Developer/Projects/School/COVID_19/data/COVID-19_Radiography_Dataset/Normal/images/Normal-2087.png,Normal
/Users/theodaguier/Developer/Projects/School/COVID_19/data/COVID-19_Radiography_Dataset/Normal/images/Normal-3399.png,Normal
/Users/theodaguier/Developer/Projects/School/COVID_19/data/COVID-19_Radiography_Dataset/Normal/images/Normal-5930.png,Normal
/Users/theodaguier/Developer/Projects/School/COVID_19/data/COVID-19_Radiography_Dataset/Normal/images/Normal-5677.png,Normal
/Users/theodaguier/Developer/Projects/School/COVID_19/data/COVID-19_Radiography_Dataset/Normal/images/Normal-2118.png,Normal
/Users/theodaguier/Developer/Projects/School/COVID_19/data/COVID-19_Radiography_Dataset/Normal/images/Normal-3206.png,Normal
/Users/theodaguier/Developer/Projects/School/COVID_19/data/COVID-19_Radiography_Dataset/Normal/images/Normal-4569.png,Normal
/Users/theodaguier/Developer/Projects/School/COVID_19/data/COVID-19_Radiography_Dataset/Normal/images/Normal-8353.png,Normal
/Users/theodaguier/Developer/Projects/School/COVID_19/data/COVID-19_Radiography_Dataset/Normal/images/Normal-7060.png,Normal
/Users/theodaguier/Developer/Projects/School/COVID_19/data/COVID-19_Radiography_Dataset/Normal/images/Normal-206.png,Normal
/Users/theodaguier/Developer/Projects/School/COVID_19/data/COVID-19_Radiography_Dataset/Normal/images/Normal-1411.png,Normal
/Users/theodaguier/Developer/Projects/School/COVID_19/data/COVID-19_Radiography_Dataset/Normal/images/Normal-6418.png,Normal
/Users/theodaguier/Developer/Projects/School/COVID_19/data/COVID-19_Radiography_Dataset/Normal/images/Normal-1377.png,Normal
/Users/theodaguier/Developer/Projects/School/COVID_19/data/COVID-19_Radiography_Dataset/Normal/images/Normal-560.png,Normal
/Users/theodaguier/Developer/Projects/School/COVID_19/data/COVID-19_Radiography_Dataset/Normal/images/Normal-8435.png,Normal
/Users/theodaguier/Developer/Projects/School/COVID_19/data/COVID-19_Radiography_Dataset/Normal/images/Normal-7706.png,Normal
/Users/theodaguier/Developer/Projects/School/COVID_19/data/COVID-19_Radiography_Dataset/Normal/images/Normal-3560.png,Normal
/Users/theodaguier/Developer/Projects/School/COVID_19/data/COVID-19_Radiography_Dataset/Normal/images/Normal-5111.png,Normal
/Users/theodaguier/Developer/Projects/School/COVID_19/data/COVID-19_Radiography_Dataset/Normal/images/Normal-3574.png,Normal
/Users/theodaguier/Developer/Projects/School/COVID_19/data/COVID-19_Radiography_Dataset/Normal/images/Normal-5105.png,Normal
/Users/theodaguier/Developer/Projects/School/COVID_19/data/COVID-19_Radiography_Dataset/Normal/images/Normal-1363.png,Normal
/Users/theodaguier/Developer/Projects/School/COVID_19/data/COVID-19_Radiography_Dataset/Normal/images/Normal-574.png,Normal
/Users/theodaguier/Developer/Projects/School/COVID_19/data/COVID-19_Radiography_Dataset/Normal/images/Normal-8421.png,Normal
/Users/theodaguier/Developer/Projects/School/COVID_19/data/COVID-19_Radiography_Dataset/Normal/images/Normal-7712.png,Normal
/Users/theodaguier/Developer/Projects/School/COVID_19/data/COVID-19_Radiography_Dataset/Normal/images/Normal-8347.png,Normal
/Users/theodaguier/Developer/Projects/School/COVID_19/data/COVID-19_Radiography_Dataset/Normal/images/Normal-7074.png,Normal
/Users/theodaguier/Developer/Projects/School/COVID_19/data/COVID-19_Radiography_Dataset/Normal/images/Normal-212.png,Normal
/Users/theodaguier/Developer/Projects/School/COVID_19/data/COVID-19_Radiography_Dataset/Normal/images/Normal-1405.png,Normal
/Users/theodaguier/Developer/Projects/School/COVID_19/data/COVID-19_Radiography_Dataset/Normal/images/Normal-9059.png,Normal
/Users/theodaguier/Developer/Projects/School/COVID_19/data/COVID-19_Radiography_Dataset/Normal/images/Normal-5663.png,Normal
/Users/theodaguier/Developer/Projects/School/COVID_19/data/COVID-19_Radiography_Dataset/Normal/images/Normal-3212.png,Normal
/Users/theodaguier/Developer/Projects/School/COVID_19/data/COVID-19_Radiography_Dataset/Normal/images/Normal-6342.png,Normal
/Users/theodaguier/Developer/Projects/School/COVID_19/data/COVID-19_Radiography_Dataset/Normal/images/Normal-9071.png,Normal
/Users/theodaguier/Developer/Projects/School/COVID_19/data/COVID-19_Radiography_Dataset/Normal/images/Normal-2124.png,Normal
/Users/theodaguier/Developer/Projects/School/COVID_19/data/COVID-19_Radiography_Dataset/Normal/images/Normal-5893.png,Normal
/Users/theodaguier/Developer/Projects/School/COVID_19/data/COVID-19_Radiography_Dataset/Normal/images/Normal-4555.png,Normal
/Users/theodaguier/Developer/Projects/School/COVID_19/data/COVID-19_Radiography_Dataset/Normal/images/Normal-4233.png,Normal
/Users/theodaguier/Developer/Projects/School/COVID_19/data/COVID-19_Radiography_Dataset/Normal/images/Normal-2642.png,Normal
/Users/theodaguier/Developer/Projects/School/COVID_19/data/COVID-19_Radiography_Dataset/Normal/images/Normal-6424.png,Normal
/Users/theodaguier/Developer/Projects/School/COVID_19/data/COVID-19_Radiography_Dataset/Normal/images/Normal-9717.png,Normal
/Users/theodaguier/Developer/Projects/School/COVID_19/data/COVID-19_Radiography_Dataset/Normal/images/Normal-8409.png,Normal
/Users/theodaguier/Developer/Projects/School/COVID_19/data/COVID-19_Radiography_Dataset/Normal/images/Normal-6430.png,Normal
/Users/theodaguier/Developer/Projects/School/COVID_19/data/COVID-19_Radiography_Dataset/Normal/images/Normal-9703.png,Normal
/Users/theodaguier/Developer/Projects/School/COVID_19/data/COVID-19_Radiography_Dataset/Normal/images/Normal-548.png,Normal
/Users/theodaguier/Developer/Projects/School/COVID_19/data/COVID-19_Radiography_Dataset/Normal/images/Normal-4227.png,Normal
/Users/theodaguier/Developer/Projects/School/COVID_19/data/COVID-19_Radiography_Dataset/Normal/images/Normal-3548.png,Normal
/Users/theodaguier/Developer/Projects/School/COVID_19/data/COVID-19_Radiography_Dataset/Normal/images/Normal-2656.png,Normal
/Users/theodaguier/Developer/Projects/School/COVID_19/data/COVID-19_Radiography_Dataset/Normal/images/Normal-5139.png,Normal
/Users/theodaguier/Developer/Projects/School/COVID_19/data/COVID-19_Radiography_Dataset/Normal/images/Normal-2130.png,Normal
/Users/theodaguier/Developer/Projects/School/COVID_19/data/COVID-19_Radiography_Dataset/Normal/images/Normal-5887.png,Normal
/Users/theodaguier/Developer/Projects/School/COVID_19/data/COVID-19_Radiography_Dataset/Normal/images/Normal-4541.png,Normal
/Users/theodaguier/Developer/Projects/School/COVID_19/data/COVID-19_Radiography_Dataset/Normal/images/Normal-7048.png,Normal
/Users/theodaguier/Developer/Projects/School/COVID_19/data/COVID-19_Radiography_Dataset/Normal/images/Normal-1439.png,Normal
/Users/theodaguier/Developer/Projects/School/COVID_19/data/COVID-19_Radiography_Dataset/Normal/images/Normal-6356.png,Normal
/Users/theodaguier/Developer/Projects/School/COVID_19/data/COVID-19_Radiography_Dataset/Normal/images/Normal-9065.png,Normal
/Users/theodaguier/Developer/Projects/School/COVID_19/data/COVID-19_Radiography_Dataset/Normal/images/Normal-8390.png,Normal
/Users/theodaguier/Developer/Projects/School/COVID_19/data/COVID-19_Radiography_Dataset/Normal/images/Normal-2865.png,Normal
/Users/theodaguier/Developer/Projects/School/COVID_19/data/COVID-19_Radiography_Dataset/Normal/images/Normal-9930.png,Normal
/Users/theodaguier/Developer/Projects/School/COVID_19/data/COVID-19_Radiography_Dataset/Normal/images/Normal-9924.png,Normal
/Users/theodaguier/Developer/Projects/School/COVID_19/data/COVID-19_Radiography_Dataset/Normal/images/Normal-7909.png,Normal
/Users/theodaguier/Developer/Projects/School/COVID_19/data/COVID-19_Radiography_Dataset/Normal/images/Normal-2871.png,Normal
/Users/theodaguier/Developer/Projects/School/COVID_19/data/COVID-19_Radiography_Dataset/Normal/images/Normal-5878.png,Normal
/Users/theodaguier/Developer/Projects/School/COVID_19/data/COVID-19_Radiography_Dataset/Normal/images/Normal-8384.png,Normal
/Users/theodaguier/Developer/Projects/School/COVID_19/data/COVID-19_Radiography_Dataset/Normal/images/Normal-5850.png,Normal
/Users/theodaguier/Developer/Projects/School/COVID_19/data/COVID-19_Radiography_Dataset/Normal/images/Normal-4596.png,Normal
/Users/theodaguier/Developer/Projects/School/COVID_19/data/COVID-19_Radiography_Dataset/Normal/images/Normal-5688.png,Normal
/Users/theodaguier/Developer/Projects/School/COVID_19/data/COVID-19_Radiography_Dataset/Normal/images/Normal-6381.png,Normal
/Users/theodaguier/Developer/Projects/School/COVID_19/data/COVID-19_Radiography_Dataset/Normal/images/Normal-7921.png,Normal
/Users/theodaguier/Developer/Projects/School/COVID_19/data/COVID-19_Radiography_Dataset/Normal/images/Normal-1388.png,Normal
/Users/theodaguier/Developer/Projects/School/COVID_19/data/COVID-19_Radiography_Dataset/Normal/images/Normal-2681.png,Normal
/Users/theodaguier/Developer/Projects/School/COVID_19/data/COVID-19_Radiography_Dataset/Normal/images/Normal-2859.png,Normal
/Users/theodaguier/Developer/Projects/School/COVID_19/data/COVID-19_Radiography_Dataset/Normal/images/Normal-2695.png,Normal
/Users/theodaguier/Developer/Projects/School/COVID_19/data/COVID-19_Radiography_Dataset/Normal/images/Normal-9918.png,Normal
/Users/theodaguier/Developer/Projects/School/COVID_19/data/COVID-19_Radiography_Dataset/Normal/images/Normal-7935.png,Normal
/Users/theodaguier/Developer/Projects/School/COVID_19/data/COVID-19_Radiography_Dataset/Normal/images/Normal-6395.png,Normal
/Users/theodaguier/Developer/Projects/School/COVID_19/data/COVID-19_Radiography_Dataset/Normal/images/Normal-13.png,Normal
/Users/theodaguier/Developer/Projects/School/COVID_19/data/COVID-19_Radiography_Dataset/Normal/images/Normal-5844.png,Normal
/Users/theodaguier/Developer/Projects/School/COVID_19/data/COVID-19_Radiography_Dataset/Normal/images/Normal-4582.png,Normal
/Users/theodaguier/Developer/Projects/School/COVID_19/data/COVID-19_Radiography_Dataset/Normal/images/Normal-5313.png,Normal
/Users/theodaguier/Developer/Projects/School/COVID_19/data/COVID-19_Radiography_Dataset/Normal/images/Normal-3762.png,Normal
/Users/theodaguier/Developer/Projects/School/COVID_19/data/COVID-19_Radiography_Dataset/Normal/images/Normal-7504.png,Normal
/Users/theodaguier/Developer/Projects/School/COVID_19/data/COVID-19_Radiography_Dataset/Normal/images/Normal-8637.png,Normal
/Users/theodaguier/Developer/Projects/School/COVID_19/data/COVID-19_Radiography_Dataset/Normal/images/Normal-762.png,Normal
/Users/theodaguier/Developer/Projects/School/COVID_19/data/COVID-19_Radiography_Dataset/Normal/images/Normal-1175.png,Normal
/Users/theodaguier/Developer/Projects/School/COVID_19/data/COVID-19_Radiography_Dataset/Normal/images/Normal-9529.png,Normal
/Users/theodaguier/Developer/Projects/School/COVID_19/data/COVID-19_Radiography_Dataset/Normal/images/Normal-1613.png,Normal
/Users/theodaguier/Developer/Projects/School/COVID_19/data/COVID-19_Radiography_Dataset/Normal/images/Normal-7262.png,Normal
/Users/theodaguier/Developer/Projects/School/COVID_19/data/COVID-19_Radiography_Dataset/Normal/images/Normal-8151.png,Normal
/Users/theodaguier/Developer/Projects/School/COVID_19/data/COVID-19_Radiography_Dataset/Normal/images/Normal-3004.png,Normal
/Users/theodaguier/Developer/Projects/School/COVID_19/data/COVID-19_Radiography_Dataset/Normal/images/Normal-10064.png,Normal
/Users/theodaguier/Developer/Projects/School/COVID_19/data/COVID-19_Radiography_Dataset/Normal/images/Normal-5475.png,Normal
/Users/theodaguier/Developer/Projects/School/COVID_19/data/COVID-19_Radiography_Dataset/Normal/images/Normal-3010.png,Normal
/Users/theodaguier/Developer/Projects/School/COVID_19/data/COVID-19_Radiography_Dataset/Normal/images/Normal-10070.png,Normal
/Users/theodaguier/Developer/Projects/School/COVID_19/data/COVID-19_Radiography_Dataset/Normal/images/Normal-5461.png,Normal
/Users/theodaguier/Developer/Projects/School/COVID_19/data/COVID-19_Radiography_Dataset/Normal/images/Normal-6168.png,Normal
/Users/theodaguier/Developer/Projects/School/COVID_19/data/COVID-19_Radiography_Dataset/Normal/images/Normal-1607.png,Normal
/Users/theodaguier/Developer/Projects/School/COVID_19/data/COVID-19_Radiography_Dataset/Normal/images/Normal-7276.png,Normal
/Users/theodaguier/Developer/Projects/School/COVID_19/data/COVID-19_Radiography_Dataset/Normal/images/Normal-8145.png,Normal
/Users/theodaguier/Developer/Projects/School/COVID_19/data/COVID-19_Radiography_Dataset/COVID/images/COVID-1.png,COVID
/Users/theodaguier/Developer/Projects/School/COVID_19/data/COVID-19_Radiography_Dataset/COVID/images/COVID-1175.png,COVID
/Users/theodaguier/Developer/Projects/School/COVID_19/data/COVID-19_Radiography_Dataset/COVID/images/COVID-1613.png,COVID
/Users/theodaguier/Developer/Projects/School/COVID_19/data/COVID-19_Radiography_Dataset/COVID/images/COVID-948.png,COVID
/Users/theodaguier/Developer/Projects/School/COVID_19/data/COVID-19_Radiography_Dataset/COVID/images/COVID-790.png,COVID
/Users/theodaguier/Developer/Projects/School/COVID_19/data/COVID-19_Radiography_Dataset/COVID/images/COVID-3004.png,COVID
/Users/theodaguier/Developer/Projects/School/COVID_19/data/COVID-19_Radiography_Dataset/COVID/images/COVID-3010.png,COVID
/Users/theodaguier/Developer/Projects/School/COVID_19/data/COVID-19_Radiography_Dataset/COVID/images/COVID-1607.png,COVID
/Users/theodaguier/Developer/Projects/School/COVID_19/data/COVID-19_Radiography_Dataset/COVID/images/COVID-784.png,COVID
/Users/theodaguier/Developer/Projects/School/COVID_19/data/COVID-19_Radiography_Dataset/COVID/images/COVID-1161.png,COVID
/Users/theodaguier/Developer/Projects/School/COVID_19/data/COVID-19_Radiography_Dataset/COVID/images/COVID-2468.png,COVID
/Users/theodaguier/Developer/Projects/School/COVID_19/data/COVID-19_Radiography_Dataset/COVID/images/COVID-1149.png,COVID
/Users/theodaguier/Developer/Projects/School/COVID_19/data/COVID-19_Radiography_Dataset/COVID/images/COVID-2440.png,COVID
/Users/theodaguier/Developer/Projects/School/COVID_19/data/COVID-19_Radiography_Dataset/COVID/images/COVID-3038.png,COVID
/Users/theodaguier/Developer/Projects/School/COVID_19/data/COVID-19_Radiography_Dataset/COVID/images/COVID-2326.png,COVID
/Users/theodaguier/Developer/Projects/School/COVID_19/data/COVID-19_Radiography_Dataset/COVID/images/COVID-974.png,COVID
/Users/theodaguier/Developer/Projects/School/COVID_19/data/COVID-19_Radiography_Dataset/COVID/images/COVID-960.png,COVID
/Users/theodaguier/Developer/Projects/School/COVID_19/data/COVID-19_Radiography_Dataset/COVID/images/COVID-2332.png,COVID
/Users/theodaguier/Developer/Projects/School/COVID_19/data/COVID-19_Radiography_Dataset/COVID/images/COVID-2454.png,COVID
/Users/theodaguier/Developer/Projects/School/COVID_19/data/COVID-19_Radiography_Dataset/COVID/images/COVID-753.png,COVID
/Users/theodaguier/Developer/Projects/School/COVID_19/data/COVID-19_Radiography_Dataset/COVID/images/COVID-1808.png,COVID
/Users/theodaguier/Developer/Projects/School/COVID_19/data/COVID-19_Radiography_Dataset/COVID/images/COVID-747.png,COVID
/Users/theodaguier/Developer/Projects/School/COVID_19/data/COVID-19_Radiography_Dataset/COVID/images/COVID-2483.png,COVID
/Users/theodaguier/Developer/Projects/School/COVID_19/data/COVID-19_Radiography_Dataset/COVID/images/COVID-1834.png,COVID
/Users/theodaguier/Developer/Projects/School/COVID_19/data/COVID-19_Radiography_Dataset/COVID/images/COVID-1820.png,COVID
/Users/theodaguier/Developer/Projects/School/COVID_19/data/COVID-19_Radiography_Dataset/COVID/images/COVID-2497.png,COVID
/Users/theodaguier/Developer/Projects/School/COVID_19/data/COVID-19_Radiography_Dataset/COVID/images/COVID-2118.png,COVID
/Users/theodaguier/Developer/Projects/School/COVID_19/data/COVID-19_Radiography_Dataset/COVID/images/COVID-3206.png,COVID
/Users/theodaguier/Developer/Projects/School/COVID_19/data/COVID-19_Radiography_Dataset/COVID/images/COVID-592.png,COVID
/Users/theodaguier/Developer/Projects/School/COVID_19/data/COVID-19_Radiography_Dataset/COVID/images/COVID-1411.png,COVID
/Users/theodaguier/Developer/Projects/School/COVID_19/data/COVID-19_Radiography_Dataset/COVID/images/COVID-1377.png,COVID
/Users/theodaguier/Developer/Projects/School/COVID_19/data/COVID-19_Radiography_Dataset/COVID/images/COVID-3560.png,COVID
/Users/theodaguier/Developer/Projects/School/COVID_19/data/COVID-19_Radiography_Dataset/COVID/images/COVID-3574.png,COVID
/Users/theodaguier/Developer/Projects/School/COVID_19/data/COVID-19_Radiography_Dataset/COVID/images/COVID-1363.png,COVID
/Users/theodaguier/Developer/Projects/School/COVID_19/data/COVID-19_Radiography_Dataset/COVID/images/COVID-586.png,COVID
/Users/theodaguier/Developer/Projects/School/COVID_19/data/COVID-19_Radiography_Dataset/COVID/images/COVID-1405.png,COVID
/Users/theodaguier/Developer/Projects/School/COVID_19/data/COVID-19_Radiography_Dataset/COVID/images/COVID-3212.png,COVID
/Users/theodaguier/Developer/Projects/School/COVID_19/data/COVID-19_Radiography_Dataset/COVID/images/COVID-2124.png,COVID
/Users/theodaguier/Developer/Projects/School/COVID_19/data/COVID-19_Radiography_Dataset/COVID/images/COVID-2642.png,COVID
/Users/theodaguier/Developer/Projects/School/COVID_19/data/COVID-19_Radiography_Dataset/COVID/images/COVID-3548.png,COVID
/Users/theodaguier/Developer/Projects/School/COVID_19/data/COVID-19_Radiography_Dataset/COVID/images/COVID-2656.png,COVID
/Users/theodaguier/Developer/Projects/School/COVID_19/data/COVID-19_Radiography_Dataset/COVID/images/COVID-2130.png,COVID
/Users/theodaguier/Developer/Projects/School/COVID_19/data/COVID-19_Radiography_Dataset/COVID/images/COVID-1439.png,COVID
/Users/theodaguier/Developer/Projects/School/COVID_19/data/COVID-19_Radiography_Dataset/COVID/images/COVID-551.png,COVID
/Users/theodaguier/Developer/Projects/School/COVID_19/data/COVID-19_Radiography_Dataset/COVID/images/COVID-2865.png,COVID
/Users/theodaguier/Developer/Projects/School/COVID_19/data/COVID-19_Radiography_Dataset/COVID/images/COVID-237.png,COVID
/Users/theodaguier/Developer/Projects/School/COVID_19/data/COVID-19_Radiography_Dataset/COVID/images/COVID-223.png,COVID
/Users/theodaguier/Developer/Projects/School/COVID_19/data/COVID-19_Radiography_Dataset/COVID/images/COVID-2871.png,COVID
/Users/theodaguier/Developer/Projects/School/COVID_19/data/COVID-19_Radiography_Dataset/COVID/images/COVID-545.png,COVID
/Users/theodaguier/Developer/Projects/School/COVID_19/data/COVID-19_Radiography_Dataset/COVID/images/COVID-22.png,COVID
/Users/theodaguier/Developer/Projects/School/COVID_19/data/COVID-19_Radiography_Dataset/COVID/images/COVID-1388.png,COVID
/Users/theodaguier/Developer/Projects/School/COVID_19/data/COVID-19_Radiography_Dataset/COVID/images/COVID-2681.png,COVID
/Users/theodaguier/Developer/Projects/School/COVID_19/data/COVID-19_Radiography_Dataset/COVID/images/COVID-2859.png,COVID
/Users/theodaguier/Developer/Projects/School/COVID_19/data/COVID-19_Radiography_Dataset/COVID/images/COVID-2695.png,COVID
/Users/theodaguier/Developer/Projects/School/COVID_19/data/COVID-19_Radiography_Dataset/COVID/images/COVID-579.png,COVID
/Users/theodaguier/Developer/Projects/School/COVID_19/data/COVID-19_Radiography_Dataset/COVID/images/COVID-36.png,COVID
/Users/theodaguier/Developer/Projects/School/COVID_19/data/COVID-19_Radiography_Dataset/COVID/images/COVID-3372.png,COVID
/Users/theodaguier/Developer/Projects/School/COVID_19/data/COVID-19_Radiography_Dataset/COVID/images/COVID-1565.png,COVID
/Users/theodaguier/Developer/Projects/School/COVID_19/data/COVID-19_Radiography_Dataset/COVID/images/COVID-380.png,COVID
/Users/theodaguier/Developer/Projects/School/COVID_19/data/COVID-19_Radiography_Dataset/COVID/images/COVID-1203.png,COVID
/Users/theodaguier/Developer/Projects/School/COVID_19/data/COVID-19_Radiography_Dataset/COVID/images/COVID-3414.png,COVID
/Users/theodaguier/Developer/Projects/School/COVID_19/data/COVID-19_Radiography_Dataset/COVID/images/COVID-3400.png,COVID
/Users/theodaguier/Developer/Projects/School/COVID_19/data/COVID-19_Radiography_Dataset/COVID/images/COVID-394.png,COVID
/Users/theodaguier/Developer/Projects/School/COVID_19/data/COVID-19_Radiography_Dataset/COVID/images/COVID-1217.png,COVID
/Users/theodaguier/Developer/Projects/School/COVID_19/data/COVID-19_Radiography_Dataset/COVID/images/COVID-1571.png,COVID
/Users/theodaguier/Developer/Projects/School/COVID_19/data/COVID-19_Radiography_Dataset/COVID/images/COVID-3366.png,COVID
/Users/theodaguier/Developer/Projects/School/COVID_19/data/COVID-19_Radiography_Dataset/COVID/images/COVID-2078.png,COVID
/Users/theodaguier/Developer/Projects/School/COVID_19/data/COVID-19_Radiography_Dataset/COVID/images/COVID-1559.png,COVID
/Users/theodaguier/Developer/Projects/School/COVID_19/data/COVID-19_Radiography_Dataset/COVID/images/COVID-2050.png,COVID
/Users/theodaguier/Developer/Projects/School/COVID_19/data/COVID-19_Radiography_Dataset/COVID/images/COVID-2736.png,COVID
/Users/theodaguier/Developer/Projects/School/COVID_19/data/COVID-19_Radiography_Dataset/COVID/images/COVID-3428.png,COVID
/Users/theodaguier/Developer/Projects/School/COVID_19/data/COVID-19_Radiography_Dataset/COVID/images/COVID-2722.png,COVID
/Users/theodaguier/Developer/Projects/School/COVID_19/data/COVID-19_Radiography_Dataset/COVID/images/COVID-2044.png,COVID
/Users/theodaguier/Developer/Projects/School/COVID_19/data/COVID-19_Radiography_Dataset/COVID/images/COVID-425.png,COVID
/Users/theodaguier/Developer/Projects/School/COVID_19/data/COVID-19_Radiography_Dataset/COVID/images/COVID-2911.png,COVID
/Users/theodaguier/Developer/Projects/School/COVID_19/data/COVID-19_Radiography_Dataset/COVID/images/COVID-343.png,COVID
/Users/theodaguier/Developer/Projects/School/COVID_19/data/COVID-19_Radiography_Dataset/COVID/images/COVID-357.png,COVID
/Users/theodaguier/Developer/Projects/School/COVID_19/data/COVID-19_Radiography_Dataset/COVID/images/COVID-2905.png,COVID
/Users/theodaguier/Developer/Projects/School/COVID_19/data/COVID-19_Radiography_Dataset/COVID/images/COVID-431.png,COVID
/Users/theodaguier/Developer/Projects/School/COVID_19/data/COVID-19_Radiography_Dataset/COVID/images/COVID-2093.png,COVID
/Users/theodaguier/Developer/Projects/School/COVID_19/data/COVID-19_Radiography_Dataset/COVID/images/COVID-419.png,COVID
/Users/theodaguier/Developer/Projects/School/COVID_19/data/COVID-19_Radiography_Dataset/COVID/images/COVID-2939.png,COVID
/Users/theodaguier/Developer/Projects/School/COVID_19/data/COVID-19_Radiography_Dataset/COVID/images/COVID-2087.png,COVID
/Users/theodaguier/Developer/Projects/School/COVID_19/data/COVID-19_Radiography_Dataset/COVID/images/COVID-3399.png,COVID
/Users/theodaguier/Developer/Projects/School/COVID_19/data/COVID-19_Radiography_Dataset/COVID/images/COVID-3616.png,COVID
/Users/theodaguier/Developer/Projects/School/COVID_19/data/COVID-19_Radiography_Dataset/COVID/images/COVID-2508.png,COVID
/Users/theodaguier/Developer/Projects/School/COVID_19/data/COVID-19_Radiography_Dataset/COVID/images/COVID-1001.png,COVID
/Users/theodaguier/Developer/Projects/School/COVID_19/data/COVID-19_Radiography_Dataset/COVID/images/COVID-182.png,COVID
/Users/theodaguier/Developer/Projects/School/COVID_19/data/COVID-19_Radiography_Dataset/COVID/images/COVID-1767.png,COVID
/Users/theodaguier/Developer/Projects/School/COVID_19/data/COVID-19_Radiography_Dataset/COVID/images/COVID-3170.png,COVID
/Users/theodaguier/Developer/Projects/School/COVID_19/data/COVID-19_Radiography_Dataset/COVID/images/COVID-3164.png,COVID
/Users/theodaguier/Developer/Projects/School/COVID_19/data/COVID-19_Radiography_Dataset/COVID/images/COVID-1773.png,COVID
/Users/theodaguier/Developer/Projects/School/COVID_19/data/COVID-19_Radiography_Dataset/COVID/images/COVID-828.png,COVID
/Users/theodaguier/Developer/Projects/School/COVID_19/data/COVID-19_Radiography_Dataset/COVID/images/COVID-1015.png,COVID
/Users/theodaguier/Developer/Projects/School/COVID_19/data/COVID-19_Radiography_Dataset/COVID/images/COVID-196.png,COVID
/Users/theodaguier/Developer/Projects/School/COVID_19/data/COVID-19_Radiography_Dataset/COVID/images/COVID-3602.png,COVID
/Users/theodaguier/Developer/Projects/School/COVID_19/data/COVID-19_Radiography_Dataset/COVID/images/COVID-2534.png,COVID
/Users/theodaguier/Developer/Projects/School/COVID_19/data/COVID-19_Radiography_Dataset/COVID/images/COVID-2252.png,COVID
/Users/theodaguier/Developer/Projects/School/COVID_19/data/COVID-19_Radiography_Dataset/COVID/images/COVID-1983.png,COVID
/Users/theodaguier/Developer/Projects/School/COVID_19/data/COVID-19_Radiography_Dataset/COVID/images/COVID-800.png,COVID
/Users/theodaguier/Developer/Projects/School/COVID_19/data/COVID-19_Radiography_Dataset/COVID/images/COVID-1997.png,COVID
/Users/theodaguier/Developer/Projects/School/COVID_19/data/COVID-19_Radiography_Dataset/COVID/images/COVID-814.png,COVID
/Users/theodaguier/Developer/Projects/School/COVID_19/data/COVID-19_Radiography_Dataset/COVID/images/COVID-2246.png,COVID
/Users/theodaguier/Developer/Projects/School/COVID_19/data/COVID-19_Radiography_Dataset/COVID/images/COVID-3158.png,COVID
/Users/theodaguier/Developer/Projects/School/COVID_19/data/COVID-19_Radiography_Dataset/COVID/images/COVID-2520.png,COVID
/Users/theodaguier/Developer/Projects/School/COVID_19/data/COVID-19_Radiography_Dataset/COVID/images/COVID-1029.png,COVID
/Users/theodaguier/Developer/Projects/School/COVID_19/data/COVID-19_Radiography_Dataset/COVID/images/COVID-141.png,COVID
/Users/theodaguier/Developer/Projects/School/COVID_19/data/COVID-19_Radiography_Dataset/COVID/images/COVID-627.png,COVID
/Users/theodaguier/Developer/Projects/School/COVID_19/data/COVID-19_Radiography_Dataset/COVID/images/COVID-633.png,COVID
/Users/theodaguier/Developer/Projects/School/COVID_19/data/COVID-19_Radiography_Dataset/COVID/images/COVID-1968.png,COVID
/Users/theodaguier/Developer/Projects/School/COVID_19/data/COVID-19_Radiography_Dataset/COVID/images/COVID-155.png,COVID
/Users/theodaguier/Developer/Projects/School/COVID_19/data/COVID-19_Radiography_Dataset/COVID/images/COVID-1798.png,COVID
/Users/theodaguier/Developer/Projects/School/COVID_19/data/COVID-19_Radiography_Dataset/COVID/images/COVID-1940.png,COVID
/Users/theodaguier/Developer/Projects/School/COVID_19/data/COVID-19_Radiography_Dataset/COVID/images/COVID-2291.png,COVID
/Users/theodaguier/Developer/Projects/School/COVID_19/data/COVID-19_Radiography_Dataset/COVID/images/COVID-2285.png,COVID
/Users/theodaguier/Developer/Projects/School/COVID_19/data/COVID-19_Radiography_Dataset/COVID/images/COVID-1954.png,COVID
/Users/theodaguier/Developer/Projects/School/COVID_19/data/COVID-19_Radiography_Dataset/COVID/images/COVID-169.png,COVID
/Users/theodaguier/Developer/Projects/School/COVID_19/data/COVID-19_Radiography_Dataset/COVID/images/COVID-1955.png,COVID
/Users/theodaguier/Developer/Projects/School/COVID_19/data/COVID-19_Radiography_Dataset/COVID/images/COVID-2284.png,COVID
/Users/theodaguier/Developer/Projects/School/COVID_19/data/COVID-19_Radiography_Dataset/COVID/images/COVID-168.png,COVID
/Users/theodaguier/Developer/Projects/School/COVID_19/data/COVID-19_Radiography_Dataset/COVID/images/COVID-2290.png,COVID
/Users/theodaguier/Developer/Projects/School/COVID_19/data/COVID-19_Radiography_Dataset/COVID/images/COVID-1941.png,COVID
/Users/theodaguier/Developer/Projects/School/COVID_19/data/COVID-19_Radiography_Dataset/COVID/images/COVID-1799.png,COVID
/Users/theodaguier/Developer/Projects/School/COVID_19/data/COVID-19_Radiography_Dataset/COVID/images/COVID-1969.png,COVID
/Users/theodaguier/Developer/Projects/School/COVID_19/data/COVID-19_Radiography_Dataset/COVID/images/COVID-632.png,COVID
/Users/theodaguier/Developer/Projects/School/COVID_19/data/COVID-19_Radiography_Dataset/COVID/images/COVID-154.png,COVID
/Users/theodaguier/Developer/Projects/School/COVID_19/data/COVID-19_Radiography_Dataset/COVID/images/COVID-140.png,COVID
/Users/theodaguier/Developer/Projects/School/COVID_19/data/COVID-19_Radiography_Dataset/COVID/images/COVID-626.png,COVID
/Users/theodaguier/Developer/Projects/School/COVID_19/data/COVID-19_Radiography_Dataset/COVID/images/COVID-3159.png,COVID
/Users/theodaguier/Developer/Projects/School/COVID_19/data/COVID-19_Radiography_Dataset/COVID/images/COVID-2247.png,COVID
/Users/theodaguier/Developer/Projects/School/COVID_19/data/COVID-19_Radiography_Dataset/COVID/images/COVID-815.png,COVID
/Users/theodaguier/Developer/Projects/School/COVID_19/data/COVID-19_Radiography_Dataset/COVID/images/COVID-1996.png,COVID
/Users/theodaguier/Developer/Projects/School/COVID_19/data/COVID-19_Radiography_Dataset/COVID/images/COVID-1028.png,COVID
/Users/theodaguier/Developer/Projects/School/COVID_19/data/COVID-19_Radiography_Dataset/COVID/images/COVID-2521.png,COVID
/Users/theodaguier/Developer/Projects/School/COVID_19/data/COVID-19_Radiography_Dataset/COVID/images/COVID-2535.png,COVID
/Users/theodaguier/Developer/Projects/School/COVID_19/data/COVID-19_Radiography_Dataset/COVID/images/COVID-801.png,COVID
/Users/theodaguier/Developer/Projects/School/COVID_19/data/COVID-19_Radiography_Dataset/COVID/images/COVID-1982.png,COVID
/Users/theodaguier/Developer/Projects/School/COVID_19/data/COVID-19_Radiography_Dataset/COVID/images/COVID-2253.png,COVID
/Users/theodaguier/Developer/Projects/School/COVID_19/data/COVID-19_Radiography_Dataset/COVID/images/COVID-829.png,COVID
/Users/theodaguier/Developer/Projects/School/COVID_19/data/COVID-19_Radiography_Dataset/COVID/images/COVID-1772.png,COVID
/Users/theodaguier/Developer/Projects/School/COVID_19/data/COVID-19_Radiography_Dataset/COVID/images/COVID-3165.png,COVID
/Users/theodaguier/Developer/Projects/School/COVID_19/data/COVID-19_Radiography_Dataset/COVID/images/COVID-3603.png,COVID
/Users/theodaguier/Developer/Projects/School/COVID_19/data/COVID-19_Radiography_Dataset/COVID/images/COVID-197.png,COVID
/Users/theodaguier/Developer/Projects/School/COVID_19/data/COVID-19_Radiography_Dataset/COVID/images/COVID-1014.png,COVID
/Users/theodaguier/Developer/Projects/School/COVID_19/data/COVID-19_Radiography_Dataset/COVID/images/COVID-183.png,COVID
/Users/theodaguier/Developer/Projects/School/COVID_19/data/COVID-19_Radiography_Dataset/COVID/images/COVID-1000.png,COVID
/Users/theodaguier/Developer/Projects/School/COVID_19/data/COVID-19_Radiography_Dataset/COVID/images/COVID-2509.png,COVID
/Users/theodaguier/Developer/Projects/School/COVID_19/data/COVID-19_Radiography_Dataset/COVID/images/COVID-3171.png,COVID
/Users/theodaguier/Developer/Projects/School/COVID_19/data/COVID-19_Radiography_Dataset/COVID/images/COVID-1766.png,COVID
/Users/theodaguier/Developer/Projects/School/COVID_19/data/COVID-19_Radiography_Dataset/COVID/images/COVID-2938.png,COVID
/Users/theodaguier/Developer/Projects/School/COVID_19/data/COVID-19_Radiography_Dataset/COVID/images/COVID-3398.png,COVID
/Users/theodaguier/Developer/Projects/School/COVID_19/data/COVID-19_Radiography_Dataset/COVID/images/COVID-2086.png,COVID
/Users/theodaguier/Developer/Projects/School/COVID_19/data/COVID-19_Radiography_Dataset/COVID/images/COVID-418.png,COVID
/Users/theodaguier/Developer/Projects/School/COVID_19/data/COVID-19_Radiography_Dataset/COVID/images/COVID-2092.png,COVID
/Users/theodaguier/Developer/Projects/School/COVID_19/data/COVID-19_Radiography_Dataset/COVID/images/COVID-2904.png,COVID
/Users/theodaguier/Developer/Projects/School/COVID_19/data/COVID-19_Radiography_Dataset/COVID/images/COVID-356.png,COVID
/Users/theodaguier/Developer/Projects/School/COVID_19/data/COVID-19_Radiography_Dataset/COVID/images/COVID-430.png,COVID
/Users/theodaguier/Developer/Projects/School/COVID_19/data/COVID-19_Radiography_Dataset/COVID/images/COVID-424.png,COVID
/Users/theodaguier/Developer/Projects/School/COVID_19/data/COVID-19_Radiography_Dataset/COVID/images/COVID-342.png,COVID
/Users/theodaguier/Developer/Projects/School/COVID_19/data/COVID-19_Radiography_Dataset/COVID/images/COVID-2910.png,COVID
/Users/theodaguier/Developer/Projects/School/COVID_19/data/COVID-19_Radiography_Dataset/COVID/images/COVID-2723.png,COVID
/Users/theodaguier/Developer/Projects/School/COVID_19/data/COVID-19_Radiography_Dataset/COVID/images/COVID-2045.png,COVID
/Users/theodaguier/Developer/Projects/School/COVID_19/data/COVID-19_Radiography_Dataset/COVID/images/COVID-2051.png,COVID
/Users/theodaguier/Developer/Projects/School/COVID_19/data/COVID-19_Radiography_Dataset/COVID/images/COVID-1558.png,COVID
/Users/theodaguier/Developer/Projects/School/COVID_19/data/COVID-19_Radiography_Dataset/COVID/images/COVID-3429.png,COVID
/Users/theodaguier/Developer/Projects/School/COVID_19/data/COVID-19_Radiography_Dataset/COVID/images/COVID-2737.png,COVID
/Users/theodaguier/Developer/Projects/School/COVID_19/data/COVID-19_Radiography_Dataset/COVID/images/COVID-1216.png,COVID
/Users/theodaguier/Developer/Projects/School/COVID_19/data/COVID-19_Radiography_Dataset/COVID/images/COVID-395.png,COVID
/Users/theodaguier/Developer/Projects/School/COVID_19/data/COVID-19_Radiography_Dataset/COVID/images/COVID-3401.png,COVID
/Users/theodaguier/Developer/Projects/School/COVID_19/data/COVID-19_Radiography_Dataset/COVID/images/COVID-2079.png,COVID
/Users/theodaguier/Developer/Projects/School/COVID_19/data/COVID-19_Radiography_Dataset/COVID/images/COVID-3367.png,COVID
/Users/theodaguier/Developer/Projects/School/COVID_19/data/COVID-19_Radiography_Dataset/COVID/images/COVID-1570.png,COVID
/Users/theodaguier/Developer/Projects/School/COVID_19/data/COVID-19_Radiography_Dataset/COVID/images/COVID-1564.png,COVID
/Users/theodaguier/Developer/Projects/School/COVID_19/data/COVID-19_Radiography_Dataset/COVID/images/COVID-3373.png,COVID
/Users/theodaguier/Developer/Projects/School/COVID_19/data/COVID-19_Radiography_Dataset/COVID/images/COVID-3415.png,COVID
/Users/theodaguier/Developer/Projects/School/COVID_19/data/COVID-19_Radiography_Dataset/COVID/images/COVID-1202.png,COVID
/Users/theodaguier/Developer/Projects/School/COVID_19/data/COVID-19_Radiography_Dataset/COVID/images/COVID-381.png,COVID
/Users/theodaguier/Developer/Projects/School/COVID_19/data/COVID-19_Radiography_Dataset/COVID/images/COVID-2694.png,COVID
/Users/theodaguier/Developer/Projects/School/COVID_19/data/COVID-19_Radiography_Dataset/COVID/images/COVID-37.png,COVID
/Users/theodaguier/Developer/Projects/School/COVID_19/data/COVID-19_Radiography_Dataset/COVID/images/COVID-578.png,COVID
/Users/theodaguier/Developer/Projects/School/COVID_19/data/COVID-19_Radiography_Dataset/COVID/images/COVID-23.png,COVID
/Users/theodaguier/Developer/Projects/School/COVID_19/data/COVID-19_Radiography_Dataset/COVID/images/COVID-2858.png,COVID
/Users/theodaguier/Developer/Projects/School/COVID_19/data/COVID-19_Radiography_Dataset/COVID/images/COVID-2680.png,COVID
/Users/theodaguier/Developer/Projects/School/COVID_19/data/COVID-19_Radiography_Dataset/COVID/images/COVID-1389.png,COVID
/Users/theodaguier/Developer/Projects/School/COVID_19/data/COVID-19_Radiography_Dataset/COVID/images/COVID-2870.png,COVID
/Users/theodaguier/Developer/Projects/School/COVID_19/data/COVID-19_Radiography_Dataset/COVID/images/COVID-222.png,COVID
/Users/theodaguier/Developer/Projects/School/COVID_19/data/COVID-19_Radiography_Dataset/COVID/images/COVID-544.png,COVID
/Users/theodaguier/Developer/Projects/School/COVID_19/data/COVID-19_Radiography_Dataset/COVID/images/COVID-550.png,COVID
/Users/theodaguier/Developer/Projects/School/COVID_19/data/COVID-19_Radiography_Dataset/COVID/images/COVID-236.png,COVID
/Users/theodaguier/Developer/Projects/School/COVID_19/data/COVID-19_Radiography_Dataset/COVID/images/COVID-2864.png,COVID
/Users/theodaguier/Developer/Projects/School/COVID_19/data/COVID-19_Radiography_Dataset/COVID/images/COVID-2657.png,COVID
/Users/theodaguier/Developer/Projects/School/COVID_19/data/COVID-19_Radiography_Dataset/COVID/images/COVID-3549.png,COVID
/Users/theodaguier/Developer/Projects/School/COVID_19/data/COVID-19_Radiography_Dataset/COVID/images/COVID-1438.png,COVID
/Users/theodaguier/Developer/Projects/School/COVID_19/data/COVID-19_Radiography_Dataset/COVID/images/COVID-2131.png,COVID
/Users/theodaguier/Developer/Projects/School/COVID_19/data/COVID-19_Radiography_Dataset/COVID/images/COVID-2125.png,COVID
/Users/theodaguier/Developer/Projects/School/COVID_19/data/COVID-19_Radiography_Dataset/COVID/images/COVID-2643.png,COVID
/Users/theodaguier/Developer/Projects/School/COVID_19/data/COVID-19_Radiography_Dataset/COVID/images/COVID-1362.png,COVID
/Users/theodaguier/Developer/Projects/School/COVID_19/data/COVID-19_Radiography_Dataset/COVID/images/COVID-3575.png,COVID
/Users/theodaguier/Developer/Projects/School/COVID_19/data/COVID-19_Radiography_Dataset/COVID/images/COVID-3213.png,COVID
/Users/theodaguier/Developer/Projects/School/COVID_19/data/COVID-19_Radiography_Dataset/COVID/images/COVID-1404.png,COVID
/Users/theodaguier/Developer/Projects/School/COVID_19/data/COVID-19_Radiography_Dataset/COVID/images/COVID-587.png,COVID
/Users/theodaguier/Developer/Projects/School/COVID_19/data/COVID-19_Radiography_Dataset/COVID/images/COVID-1410.png,COVID
/Users/theodaguier/Developer/Projects/School/COVID_19/data/COVID-19_Radiography_Dataset/COVID/images/COVID-593.png,COVID
/Users/theodaguier/Developer/Projects/School/COVID_19/data/COVID-19_Radiography_Dataset/COVID/images/COVID-3207.png,COVID
/Users/theodaguier/Developer/Projects/School/COVID_19/data/COVID-19_Radiography_Dataset/COVID/images/COVID-2119.png,COVID
